creator_name,userid,comment
"Doug The Pug", 87,"I shared this to my friends and mom the were lol"
"Doug The Pug", 87,"Super cute  ğŸ˜€ğŸ•ğŸ¶"
"bulletproof", 530,"stop saying get em youre literally dumb . have some common sense or dont own this kind of dog. fucking retarded I swear"
"Meu ZoolÃ³gico", 670,"Tenho uma jiboia e um largato"
"ojatro", 1031,"I wanna see what happened to the pigs after that  please"
"Tingle Triggers", 1212,"Well shit now Im hungry"
"Hope For Paws - Official Rescue Channel", 1806,"when I saw the end it said to adopt  I saw different animal sites I was mad that they separated the cute little pups after being  together for a long time"
"Hope For Paws - Official Rescue Channel", 2036,"Holy crap. That is quite literally the most adorable pup Ive ever seen."
"Life Story", 2637,"æ­¦å™¨ã¯ã‚¯ã‚¨ã‚¹ãƒˆã§è²°ãˆã‚‹ã‚“ã˜ã‚ƒãªã„ã‚“ã§ã™ã‹ï¼Ÿ"
"Brian Barczyk", 2698,"Call the teddy Larry"
"The Dodo", 2702,"ğŸ˜ğŸ¤”ğŸ˜“ğŸ˜¢ğŸ˜­ğŸ˜­ğŸ˜­ğŸ˜­ğŸ˜Ÿ"
"Hope For Paws - Official Rescue Channel", 2911,"That mother cat looks like my own Im guessing she is a russian blue due to her looks and unusual coping skills."
"Hope For Paws - Official Rescue Channel", 2911,"Its people like Hope For Paws who truly make the world a better place <3"
"Talking Kitty Cat", 2911,"steve: No wet food for a month!:cats immediately stop fighting:"
"Brave Wilderness", 3224,"Dont call this a challenge because there will be idiots who actually try this"
"MaxluvsMya", 3267,"why are you always awake so late lol"
"Rise Up Society Fan Page", 3372,"Deb Tucker"
"The Dodo", 3466,"Thats a deer isnt it?"
"Brave Wilderness", 3466,"there is no safe way to hold a crab. Somehow they will always manage to nip you!"
"Brave Wilderness", 3466,"Red before yellow will kill a fellow...Some of you will get this ;)"
"Brian Barczyk", 3589,"Im 7 and I love your videosAnd love your snakes"
"Info Marvel", 4504,"Falto deadpool en el trairler"
"Gohan The Husky", 4533,"2:35 Why do you leave the TV on if you are not at home?......"
"Brave Wilderness", 4900,"No its because of me. JK :D Congrats"
"Vet Ranch", 5005,"can he hear ?"
"Taylor Nicole Dean", 5697,"amazing family you have"
"Vet Ranch", 5960,"29 likes and 3 views??"
"TOMMYfromtheBRONX", 6835,"Good on ya Tommy boy!!"
"GoHerping", 7841,"Can I call you meme daddy"
"GoHerping", 7841,"your becoming a meme channel I love it"
"Brave Wilderness", 8786,"WOW I got dooped"
"Kitsune Kreations", 8857,"I will not put lyrics and Iâ€™m glad that heather is bi  ^^Would backup be possible?"
"Angel Hawk", 8857,"Is Vural a Serval or a hyena? Iâ€™m just curious"
"Kitsune Kreations", 8857,"Part 36 Graystripe X Firestar and if you call it a crack ship I will make you listen to my singing"
"The Dodo", 8935,"ğŸ˜±ğŸ˜»"
"ViralHog", 9312,"So pure â¤ï¸â¤ï¸â¤ï¸â¤ï¸"
"Abbey Normal", 9312,"did the animal come to you and ask to be sacrificed? No. The animal didnt give itself to you."
"Nathan Coffee", 9431,"Its so cute!!"
"HoppingHammy", 9431,"its ok girl we would rather wait for more vids and you feeling better than the opposite :)"
"Taylor Nicole Dean", 9431,"omg you can see casey simpson in the bottom right corner at 4:57"
"Cole & Marmalade", 9431,"cat drugs"
"Cole & Marmalade", 9431,"with the green screen you should somehow do cats in space! :P"
"Viktor Larkhill", 10269,"hey victor..you are wonderful human being..have no words to express the beautiful work that you are going.. you have inspired me in a way..I wish you and all your dogs great health and long long life.. love from India !"
"Taylor Nicole Dean", 10336,"I dont understand how you think she will make a good service dogs. SD are handled by a company here in Quebec (and given for free fully trained to people in need). For the first year they are fostered by families who expose them to as many things as possible and even then after a year the majority of them are deemed not fit for service work. They have to be ultra confident and never startled never afraid of anything etc... She seem like a good pet but the very opposite of what a service dog should be."
"Keedes channel LIVE", 10683,"ĞĞ°"
"Keedes channel LIVE", 10683,"Ğ¯ Ñ…Ğ¾Ñ‡Ñƒ Ğ·Ğ¾Ğ±Ñ€Ğ°Ñ‚ÑŒ Ğ Ñ‹Ğ¶Ñ‹ĞºĞ°"
"Brian Barczyk", 10749,"Do your boss let you do this"
"Rachel Fusaro", 10765,"Im not allowed to have a dog because of money and my apartment doesnt allow dogs!! WHAT DO I DO!!!!???!?!?!?!?"
"Zak Georges Dog Training rEvolution", 10765,"Storm is like a giant the other dog bb8(bba babya baby8 i dont know his name.)"
"Zak Georges Dog Training rEvolution", 10765,"Youve been doing this for 11 years!???!?!?"
"ServiceDog Vlog", 10765,"Where are you? I miss your videos! Please upload if you can!"
"Zak Georges Dog Training rEvolution", 10765,"Chestnut is so cute. Your videos areuoer helpful for me. Ii dont have a dog yet but learning to train a dog ahead of time is really good for me."
"Vet Ranch", 10788,"Yeah I dont get why people cant handle surgery footage. Keep helping the animals!!"
"Brave Wilderness", 10924,"what happens if youre bit in water? how would you get it to let go? just wondering"
"Quaoar Power", 11047,"yeah :)"
"Quaoar Power", 11047,"Awesome video :) but I would have enjoyed it even more there were the names of each of these tiny people"
"Brave Wilderness", 11276,"Get bit by a great white next"
"eMusic Talent", 11413,"OMG that was amazing she sounded like a famous opera singer"
"Taylor Nicole Dean", 11434,"Ive been here before! I always thought it was kind of sad how many animals they gave cramped into that little store front. But its super cool!"
"Máº¡nh CFM", 11860,"em thiÌch baÌ€i sÃ´Ì 7"
"Máº¡nh CFM", 11860,"xinh waÌ a Æ¡i"
"Brian Barczyk", 12111,"Green titan"
"Real Shock", 12127,"ĞŸĞ»Ğ¾Ğ³ĞµĞ°Ñ‚Ğ¾Ñ€"
"2CAN.TV - Ripley the Toucan!", 12277,"cooking the bird would be easier if the stove was turned on just saying"
"Keedes channel LIVE", 12617,"Ñ Ñ…Ğ¾Ñ‡Ñƒ Ñ€Ñ‹Ğ¶Ğ¸ĞºĞ°"
"eMusic Talent", 12672,"The guy has quite the personality but his singing?  So-so... he didnt win."
"eMusic Talent", 12672,"Amazing"
"Top 10 COMPILATION", 12728,"hey where is pomerainian"
"The Dodo", 12728,"It is soo funy"
"The Dodo", 12728,"I live in Indonesia and I hated people who do that ğŸ˜¡ğŸ˜¡ğŸ˜¡ğŸ˜¡ğŸ˜¡ğŸ˜¡"
"The Dodo", 12728,"ğŸ˜¢ğŸ˜­ğŸ˜­"
"The Dodo", 12728,"Oh my how crule"
"The Dodo", 12728,"ğŸ˜°ğŸ˜°ğŸ˜°ğŸ˜·ğŸ˜·"
"The Dodo", 12728,"Awww what a cutie"
"Viktor Larkhill", 12728,"ğŸ˜°ğŸ˜°ğŸ˜°ğŸ˜­ğŸ˜­ğŸ˜­"
"The Dodo", 12728,"Im an Indonesian people and I live in bandung still i hate people who do that"
"The Dodo", 12728,"ğŸ˜‚ğŸ˜‚ğŸ˜‚ğŸ˜…"
"Brian Barczyk", 13233,"11"
"Robin Seplut", 13450,"Omg i hate how he goes sksksksks every 2 seconds and that sound for some reason is so annoying"
"DanRock", 13450,"whats wit hteh click bait u fuking cuint"
"ojatro", 13483,"Such a dich"
"Brave Wilderness", 13529,"#1 trending!?"
"MonkeyBoo", 13796,"where does Boo go potty?"
"World Animal Awareness Society", 13796,"Name the Brindle one Brin! My aunt has a brindle dog named Brin!"
"Taylor Nicole Dean", 13796,"I LOVE the black snake! Please name him Warrior!"
"Maddie Smith", 13796,"Do a training my pets video (Mostly the dogs and  try to train your cat [lol i forgot your cats name])"
"The Pet Collective", 13796,"Why would people dislike i mean they didnt do this other people did!"
"Taylor Nicole Dean", 13796,"Doberman!"
"Gohan The Husky", 13796,"1:30 Gohan is like: I know If awesome!"
"Gone to the Snow Dogs", 13796,"Make a Doggy smoothie! Btw i dont do the recipes i just like watching them!"
"Gone to the Snow Dogs", 13796,"Doggy Smoothie!"
"HoppingHammy", 13796,"That looks hard to clean!"
"Vet Ranch", 13796,"We adopted our foster! We foster failed!"
"Maddie Smith", 13796,"Your black dog is is beautiful black so shiny! :D"
"Gone to the Snow Dogs", 13796,"That funny! When you give them the yogurt they bite the spoon!"
"Vet Ranch", 13796,"Papi you should call him Papi from the Beverly Hills Chihuahua movie! =)"
"Gone to the Snow Dogs", 13796,"Man your dogs have the worst luck! Hopefully Oakley and Shelby get better! :D"
"Taylor Nicole Dean", 14603,"Aww her pythons name is no name XD"
"Taylor Nicole Dean", 14603,"My mom just tried to cut my hair I got away with a 16th of my hair left the rest was shaved off by her evil"
"Brave Wilderness", 16462,"Hahah you must not eat the seedsğŸ˜‚"
"Info Marvel", 16661,"Like"
"LOST HIGHWAY", 16664,"@1.15. Maybe you should have hit the brakes instead of the horn?"
"ê¼¬ë¶€ê¸°ì•„ë¹  My Pet Diary", 17593,"ê·€ì—¬ì›¡ã…‹ã…‹ã…‹ã…‹ã…‹ã…‹ã…‹ã…Œ"
"Keedes channel LIVE", 17594,"ĞĞ° Ğ Ñ‹Ğ¶Ğ¸ĞºĞ° Ğ¿Ğ¾Ñ…Ğ¾Ğ¶!"
"Info Marvel", 17671,"Nuevo Bus"
"Info Marvel", 17671,"Una pregunta adonde te sale ojo de HalcÃ³n"
"Brian Barczyk", 18587,"You should show some ball pythons. Love those guys :D"
"Brian Barczyk", 18587,"Nice Twenty One Pilots merch kiddo XD"
"Brave Wilderness", 20573,"Coyotes crib got me laughing"
"Taylor Nicole Dean", 20593,"the parts where he rolled in the corals were so funny"
"foxalbiazul", 20871,"6:11 - I spy a late 1990s Oldsmobile Cutlass Ciera!"
"ğŸ¯ Romeo ğŸ¯", 20871,"These two are adorable especially given their indifference to one another."
"Cockatoo Luck", 21532,"vah bahut achağŸ˜˜"
"Brave Wilderness", 21877,"name the blue Cray fish bob"
"peahix", 21953,"Its the Heyweallsmoked family  :)   Got a little frisky there at the end...lol"
"peahix", 21953,"My uncle during the Christmas holiday would cook a turkey like this. Only problem was is the older folks would all sit around playing cards and getting smashed and the turkey always ended up either over cooked or worse falling off the bone down into the charcoal..lol. Oh the good ole days  ho ho ho!  :)"
"peahix", 21953,"1980...  a transitional year   :)"
"peahix", 21953,"Look at how young they all were? Griffith is rockin that porn mustache..lol"
"peahix", 21953,"Where was Carlos?  :)"
"peahix", 21953,"ok that was kind of trippy  :)"
"peahix", 21953,"The old banana in the tailpipe trick :)"
"peahix", 21953,"Pretty cool old retro stuff there dude but who turned out the lights?"
"peahix", 21953,"Omg!  I must have watched a lot of tv in 1980 because I remember all those commercials :)"
"peahix", 21953,"Now thats the Sea World I remember  :)"
"peahix", 21953,"When can we expect..  The Good Blob 2 - Revenge of the Can?  :)"
"peahix", 21953,"is that a $5 swap meet find?"
"peahix", 21953,"Hey I need one of those new IBM computers with the remote keyboard  :)"
"Frosted Forest Sasquatch - Alabama Bigfoot Investigations", 22940,"Hey brother where u hunt at what state you in"
"Colorado Bigfoot", 22940,"I think Reo has health problems"
"Frosted Forest Sasquatch - Alabama Bigfoot Investigations", 22940,"What light dont see lights what u smoking now"
"PENNSYLVANIA BIGFOOT & DOGMAN RESEARCH", 22940,"Lol"
"Frosted Forest Sasquatch - Alabama Bigfoot Investigations", 22940,"Where u live  what state"
"Frosted Forest Sasquatch - Alabama Bigfoot Investigations", 22940,"Where u live ryan"
"Cole & Marmalade", 22998,"At first I didnt cry but then I thought for a little then I started to cry. ğŸ˜¢ poor cats.."
"markit aneight", 23039,"meeerde! !!!! que sont devenus les guns???  tout mous ventripotants..."
"Brave Wilderness", 23172,"When the lobster was flipping its tail it sounds like fapping ğŸ˜‚"
"Brave Wilderness", 23172,"14:34 The part you all came for"
"Brave Wilderness", 23172,"Coyote Peterson: Im Coyote Peterson and Im about to enter the bite zone of the hippo. You guys ready?Chris Smoove: Hold on youre gonna use 5 arrows right?Coyote Peterson: What the hell are you talking about?Chris Smoove: Youre screwed man the Hippo will have no choice but to put you to SLEEP"
"Robin Seplut", 23975,"lmao the black cat"
"Taylor Nicole Dean", 24058,"5:08 When I found drama"
"xX23Richard23Xx", 24401,"Awesome video"
"ScubaFilmFactory", 24401,"Great video I love the intro I have liked and subscribed Maybe you can check out my channel!!!"
"Reef Builders", 24401,"A very nice video I look forward to seeing more I have liked and subscribe!"
"The Dodo", 24401,"Nice video I loved it!!"
"iMerkzzU", 24401,"Come on that is a blurry as they come!!!"
"xX23Richard23Xx", 24401,"Nice!!!"
"Mickey Smith", 24401,"I love the camo wetsuit!"
"PENNSYLVANIA BIGFOOT & DOGMAN RESEARCH", 24401,"Nice video I gave it a likeI posted a Sasquatch video myselfWonâ€™t you give it a like to."
"The Dodo", 24401,"U need a scuba tank so you can stay down longer"
"The Dodo", 24401,"Wonderful and kind!!!"
"The Dodo", 24401,"A very nice video"
"Barbara Shupe", 24401,"I have to say im really impressed I have liked and subscribed!"
"The Dodo", 24401,"Now I want to try that with my dog!!!"
"Colorado Bigfoot", 24401,"Nice video I have liked and subscribed Wont you do the same.I have many Sasquatch videos myself so feel free to check them out"
"PENNSYLVANIA BIGFOOT & DOGMAN RESEARCH", 24401,"Nice video I have liked and subscribed Wont you do the same.I have many Sasquatch videos myself so feel free to check them out"
"xX23Richard23Xx", 24401,"kool video"
"Cincinnati Zoo & Botanical Garden", 24401,"Awesome video well done!!"
"xX23Richard23Xx", 24401,"Great video I gave it a like would you be so kind as to do the same?I can use all the likes I can get on this videohttps://www.youtube.com/watch?v=oj4dPmt2kdA"
"The Dodo", 24401,"As a horseman I was horrified by this video I am glad this pony was rescued"
"Mickey Smith", 24401,"How big would you say the shark was?"
"The Dodo", 24401,"This dog sure loves getting pet!!"
"FPLANETA FPLANET", 24426,"Grandes y maravillosas son tus obras oh SeÃ±or Dios Todopoderoso...... K emocionante ver este video."
"stacyvlogs", 24646,"Male cats are a lot more affectionate than females I have 2 female and 2 male cats and the males are the nicest of them all the females are snobs"
"stacyvlogs", 24646,"I hope she does well both my nanas got cancer but sadly didnt pull through they passed when i was 7 my dads mother passed 5 days before my birthday"
"Gohan The Husky", 24939,"goku:unleash your power Gohan! DO IT NOW!!!"
"Brave Wilderness", 25363,"Coyote won."
"The Dodo", 26560,"Omg so cute ğŸ˜­ğŸ˜­ğŸ˜­ 1:30"
"The Dodo", 26560,"Haha cute dog 2:04 ğŸ˜™"
"Hope For Paws - Official Rescue Channel", 26560,"Heroes â¤ï¸"
"Brian Barczyk", 27323,"I use to get migraines just as you described. To make a long story short I found that if I got into soda real heavy then go without for a day I wouldnt not only sleep terrible but wake up with a crippling migraine. I guess the caffeine withdrawal plus the bad sleep it causes is great conditions for a migraine. Ive been in a caffeine free diet for a little while now and havent had a headache nor migraine. Hope you get to feeling better Good luck!"
"Brian Barczyk", 27323,"Brian youre doing great! Dont let people get to you I love your videos and love your thumbnails! Keep it up!"
"Brian Barczyk", 27689,"Sizzle I what I came up with"
"Brian Barczyk", 27689,"Omg people overreact way to much its like 50 raccoons 29 foxes 88 birds (any type)111 wolves 1000000 bugs (dont care for bugs but I dont purposely kill em) 92 fish and millions of habitats/plants die each day friggin people are like Hah ANIMALS nobody cares about those LIVING CREATURES THAT ACTUALLY EXIST AND GROW AND LIVE MOVE AND HELP US there just nothing but usefull tools (Such as horses dogs cats barn owls ferrets and eagles) (eagles are for hunting too like dogs) oh forgot its no big deal that we kill millions of animals or living things EACH DAY but we PANICK (CUS WE BE STUPID)if a single little Itty bitty HUMAN A DAY A SINGLE FRIGGIN DAY A SINGLE DAY A DAY if A PERSON DIES EACH CENTURY  (just being funny) BECAUSE WE DONT IMAGINE THAT A GIANT THING COMES STOMPING/CUTTING DOWN OUR HOMEIm only 9 so suck it I know all this so theres your proof that all this happens each friggin day OMFG LIFE ya know GOD JESUS CHRIST WHERES THE LOVE FOR ANIMALS"
"Brian Barczyk", 27689,"OMG first time watching already love you ğŸ˜‚ğŸ˜‚ğŸ˜‚ğŸ˜‚ğŸ˜‚ğŸ˜‚ğŸ˜‚ğŸ˜‚ğŸ˜…ğŸ˜…ğŸ˜…ğŸ˜…ğŸ˜…ğŸ˜…ğŸ˜…ğŸ˜ƒğŸ˜ƒğŸ˜ƒğŸ˜ƒğŸ˜ƒğŸ˜ğŸ˜ğŸ˜ğŸ˜ğŸ˜ğŸ˜ğŸ˜€ğŸ˜€ğŸ˜€ğŸ˜€ğŸ˜€ğŸ˜ŠğŸ˜ŠğŸ˜ŠğŸ˜ŠğŸ˜ŠğŸ˜Šâ˜ºâ˜ºâ˜ºâ˜ºâ˜ºğŸ˜‚"
"Brave Wilderness", 27884,"The Trailer was amazing ğŸ’–"
"Hope For Paws - Official Rescue Channel", 28013,"Aw is that cute ğŸ˜"
"Vet Ranch", 28053,"akeleven that is rude"
"Vet Ranch", 28053,"i saw a smile more logo"
"Hope For Paws - Official Rescue Channel", 28053,"good job you saved their life"
"Brian Barczyk", 28322,"Since i watched these videos with Brian i am not afraid of snakes anymore and I actually really want one for my birthday"
"Brian Barczyk", 28322,"Since i watched these snake videos i am not afraid of snakes anymore and now I really want a snake for my birthday"
"Brian Barczyk", 28322,"Since i watched Brian Barczyk I am not afraid of snakes anymore and i actually really want a snake for my birthday"
"Brave Wilderness", 29105,"lol this weekend Im going to Tucson mineral and gem world"
"Top View Viral", 30564,"Si quieres de esos lagartos crestados de Fiyi ven a Puerto Rico que aquÃ­ son una plaga."
"Viktor Larkhill", 33849,"I would love to have Suki. Although we live in a 2nd floor flat now so she would have to be a house cat. when we had to move in with our little Rosie (small black cat uncannily like Suki she was 17 yrs. old. She live for another year and although it broke our hearts when we had to put her down we knew it was for the best for her as she was very ill. But we had her for 17Â enjoyable yrs. as she was 1 yr when we got her from the RSPCA."
"Brave Wilderness", 33856,"hornlizzardwins"
"Brave Wilderness", 33856,"cool video"
"Epic Wildlife", 34346,"Many people dont even realize some words we use are named after demons.....for example....Liaris a demon...and so is Murderer....two words we use names of demons"
"Hope For Paws - Official Rescue Channel", 34353,"There so cooooottteee"
"The Dodo", 35562,"Stop with this obvious pet abuse. I thought your channel was against that."
"CatAleah", 35609,"I cant stop listening to you gobble at red lol"
"Taylor Nicole Dean", 35609,"I feel the same thing about rats :(  I dont get rodents anymore because they only live a few years.  Breaks my heart."
"Robin Seplut", 35817,"Fuck that 1 dislike"
"Rachel Oleary", 36364,"Thank you for doing this give away! I would love to snag a subscription - itd definitely be something that both me and my Dad would love to read especially since were planning our newest tank for the new year. Im from England. c:"
"Rachel Oleary", 36364,"If youre in the UK near Salisbury Wiltshire Im pretty sure that Porton Garden Aquatic and Pets have a few of the Green Pleco Pleco plushies if you want to get one in time for Christmas/dont want to worry about shipping. I havent seen any sold anywhere else except there and online."
"Brian Barczyk", 36364,"Ive been surrounded by pets my entire life. My parents both had pets as children. My dad has kept fish since he was a child - my grandad even kept fish that have since become illegal to import into the UK and they both had dogs growing up [my grandad had a gorgeous Pyrenees x St Bernard]. Weve had 8 cats 3 dogs 6 rats 5 guinea pigs chinese water dragon crested gecko poison dart frogs stick insects crabs and too many fish currently 5 cats 3 dogs and the fish [though I plan to get a ball python soon]. When I move out I want to limit myself more than my parents have. I would love to have a ball python a dog or two some fish and maybe a mexican black kingsnake and rats again [which compared to the pets we have now doesnt sound like a lot]. Ive found that Ill make any excuse to look at animals be it ducks at the lake pets in a pet store zoos which does frustrate my friends and bore my family but its one of the few things that Im passionate about and as long as owners can provide care for their animals it shouldnt matter whether someone else thinks they have too many."
"Gnat Vova", 36515,"Ğ›Ğ°Ğ¹Ğº!"
"Gnat Vova", 36515,"Ğ›Ğ°Ğ¹Ğº!"
"Gnat Vova", 36515,"Ğ›Ğ°Ğ¹Ğº!"
"Gnat Vova", 36515,"Ğ¡ÑƒĞ¿ĞµÑ€!Ğ›Ğ°Ğ¹Ğº!"
"Gnat Vova", 36515,"Ğ›Ğ°Ğ¹Ğº!"
"Gnat Vova", 36515,"Ğ›Ğ°Ğ¹Ğº!"
"Gnat Vova", 36515,"Ğ›Ğ°Ğ¹Ğº!"
"Gnat Vova", 36515,"Ğ›Ğ°Ğ¹Ğº!"
"Gnat Vova", 36515,"Ğ›Ğ°Ğ¹Ğº!"
"Gnat Vova", 36515,"Ğ¡Ğ¿Ğ°ÑĞ¸Ğ±Ğ¾ Ğ·Ğ° Ğ²Ğ¸Ğ´ĞµĞ¾!"
"Gnat Vova", 36515,"Ğ›Ğ°Ğ¹Ğº!"
"Gnat Vova", 36515,"Ğ›Ğ°Ğ¹Ğº!"
"Gnat Vova", 36515,"Ğ›Ğ°Ğ¹Ğº!"
"Gnat Vova", 36515,"Ğ›Ğ°Ğ¹Ğº!"
"Gnat Vova", 36515,"Ğ›Ğ°Ğ¹Ğº!"
"Gnat Vova", 36515,"Ğ›Ğ°Ğ¹Ğº!"
"Gnat Vova", 36515,"Ğ›Ğ°Ğ¹Ğº!"
"Gnat Vova", 36515,"Ğ›Ğ°Ğ¹Ğº!"
"Gnat Vova", 36515,"ĞšÑ€Ğ°ÑĞ¸Ğ²Ñ‹Ğµ Ñ†Ğ²ĞµÑ‚Ñ‹!Ğ›Ğ°Ğ¹Ğº!"
"Gnat Vova", 36515,"Ğ›Ğ°Ğ¹Ğº!"
"Gnat Vova", 36515,"Ğ›Ğ°Ğ¹Ğº!"
"Gnat Vova", 36515,"Ğ›Ğ°Ğ¹Ğº!"
"Gnat Vova", 36515,"Ğ›Ğ°Ğ¹Ğº!"
"Gnat Vova", 36515,"Ğ›Ğ°Ğ¹Ğº!"
"Gnat Vova", 36515,"Ğ›Ğ°Ğ¹Ğº!"
"Gnat Vova", 36515,"Ğ›Ğ°Ğ¹Ğº!"
"Gnat Vova", 36515,"Ğ›Ğ°Ğ¹Ğº!"
"Gnat Vova", 36515,"Ğ›Ğ°Ğ¹Ğº!"
"Gnat Vova", 36515,"Ğ›Ğ°Ğ¹Ğº!"
"Gnat Vova", 36515,"Ğ›Ğ°Ğ¹Ğº!"
"Gnat Vova", 36515,"Ğ›Ğ°Ğ¹Ğº!"
"Gnat Vova", 36515,"Ğ›Ğ°Ğ¹Ğº!"
"Gnat Vova", 36515,"ĞÑ‚ Ğ¼ĞµĞ½Ñ Ğ»Ğ°Ğ¹Ğº!"
"Gnat Vova", 36515,"Ğ›Ğ°Ğ¹Ğº!"
"Gnat Vova", 36515,"Ğ›Ğ°Ğ¹Ğº!"
"Gnat Vova", 36515,"ĞÑ‚ Ğ¼ĞµĞ½Ñ Ğ»Ğ°Ğ¹Ğº!"
"Gnat Vova", 36515,"Ğ›Ğ°Ğ¹Ğº!"
"Gnat Vova", 36515,"Ğ›Ğ°Ğ¹Ğº!"
"Gnat Vova", 36515,"Ğ›Ğ°Ğ¹Ğº!"
"Gnat Vova", 36515,"Ğ›Ğ°Ğ¹Ğº!"
"Gnat Vova", 36515,"Ğ›Ğ°Ğ¹Ğº!"
"Gnat Vova", 36515,"Ğ›Ğ°Ğ¹Ğº!"
"Gnat Vova", 36515,"Ğ›Ğ°Ğ¹Ğº!"
"Gnat Vova", 36515,"Ğ›Ğ°Ğ¹Ğº!"
"Gnat Vova", 36515,"Ğ¡ÑƒĞ¿ĞµÑ€!Ğ›Ğ°Ğ¹Ğº!"
"Gnat Vova", 36515,"Ğ¡ÑƒĞ¿ĞµÑ€!Ğ›Ğ°Ğ¹Ğº!"
"Gnat Vova", 36515,"Ğ¡ÑƒĞ¿ĞµÑ€!Ğ›Ğ°Ğ¹Ğº!"
"Gnat Vova", 36515,"Ğ›Ğ°Ğ¹Ğº!"
"Gnat Vova", 36515,"ĞŸÑ€Ğ¸ĞºĞ¾Ğ»ÑŒĞ½Ğ¾!Ğ›Ğ°Ğ¹Ğº!"
"Gnat Vova", 36515,"Ğ›Ğ°Ğ¹Ğº!"
"Gnat Vova", 36515,"Ğ›Ğ°Ğ¹Ğº!"
"Gnat Vova", 36515,"Ğ›Ğ°Ğ¹Ğº!"
"Gnat Vova", 36515,"Ğ›Ğ°Ğ¹Ğº!"
"Gnat Vova", 36515,"Ğ›Ğ°Ğ¹Ğº!"
"Gnat Vova", 36515,"Ğ›Ğ°Ğ¹Ğº!"
"Gnat Vova", 36515,"Ğ›Ğ°Ğ¹Ğº!"
"Gnat Vova", 36515,"Ğ›Ğ°Ğ¹Ğº!"
"Brave Wilderness", 36643,"Cool!!!!!!ğŸ˜˜"
"Máº¡nh CFM", 37030,"Anh máº¡nh teat nhÃ¢n aVáº­t maria coi cÃ³ bom rÆ¡i k sao e chÆ¡i cÃ³ khi cÃ³ cÃ³ khi k"
"Máº¡nh CFM", 37030,"89 viÃªn mÃ  a máº¡nh"
"Máº¡nh CFM", 37030,"anh sai dien thoai nao vay"
"Máº¡nh CFM", 37030,"anh manh Æ¡i chá»‰ em nháº­n acc váº³ng Ä‘i"
"Máº¡nh CFM", 37030,"Anh máº¡nh. Cho e xin cÃ¡i khÃ­ tá»± Ä‘áº¥u cháº¥m há»i cá»§a anh bg mÃ  áº£nh nháº¯n tin trong games lÃ  hs2 mid Ä‘Ã´ng anh xem lai vÃ  cho e xi cÃ¡i kÃ­ tá»± Ä‘Ã³ nha e  cÃ³ 1 niá»m Ä‘am mÃª cf legend"
"Máº¡nh CFM", 37030,"Cho em xin cÃ¡i kÃ­ tá»± pn Ä‘i"
"Máº¡nh CFM", 37030,"anh xÃ i Ä‘iá»‡n thoáº¡i nÃ o váº­y"
"Máº¡nh CFM", 37030,"sao nháº­n Ä‘Æ°á»£c acc vng váº­y anh máº¡nh"
"Máº¡nh CFM", 37030,"BÃ i nháº¡c Ä‘Ã³ tÃªn lÃ  Despacito cá»§a j.fla music"
"Máº¡nh CFM", 37030,"sao nháº­n Ä‘Æ°á»£c acc giá»‘ng anh Ä‘Æ°á»£c vÃ¢y"
"Máº¡nh CFM", 37030,"ğŸ˜­"
"Máº¡nh CFM", 37030,"anh máº¡nh Æ¡i anh chá»‰ em nháº­n acc váº³ng Ä‘i em xin Ä‘áº¥y"
"Máº¡nh CFM", 37030,"i"
"Brave Wilderness", 37321,"eso es una pinche tuna :v"
"Gone to the Snow Dogs", 37636,"#ASKGTTSD my 8 month old morkie (yorkie+maltese) is terified of other dogs even if the are sleeping he will start to shake and i dont know if it is because he is a rescue.HELPPPPPP"
"Hope For Paws - Official Rescue Channel", 37970,"You had to do what you had to do. Shes safe and happy now ğŸ’š"
"Pickles12807", 37970,"That cage is literally the size of a little hut I have inside my hamsters cage!"
"Doug The Pug", 38363,"my life is complete XD"
"best pets", 38557,"1:08 thug life"
"Real Shock", 39582,"Ğ’ÑĞµ"
"Brave Wilderness", 40074,"I like cayote statue! :)"
"Brave Wilderness", 40464,"coyote looks pretty fired up..."
"REALITY TALK REVIEWS", 40878,"Been saying this for a long time."
"Brian Barczyk", 41129,"Sharks venomous snakes and lions"
"#CameraLordâ„¢ â€¢ Kor Capital", 41444,"ğŸ’¯ğŸ’¯"
"ViralHog", 41548,"First"
"RestRelaxationReiki", 41575,"Can you listen to more than one reiki in the same day??"
"BarkBox", 41679,"well never stop getting barkbox for our dog he likes it too much. Does anyone know if there is a barkbox option to get just one toy a month? Thats all our dog can handle"
"Cole & Marmalade", 43112,"I blow smoke in my cats ear right to his brain"
"Funny Pets", 43424,"0:35 me when I try to smile . Sorry for my bad English. I am Romanian."
"Keedes channel LIVE", 43611,"ğŸ‘ğŸ‘ğŸ‘ğŸ‘ğŸ‘ğŸ‘ğŸ‘ğŸ‘ğŸ˜»ğŸ˜»ğŸ˜»ğŸ˜»ğŸ˜»ğŸ˜»ğŸ˜»ğŸ˜¸ğŸ˜¸ğŸ˜¸ğŸ˜¸ğŸ˜¹ğŸ˜¹ğŸ˜¹ğŸ˜¹ğŸ˜¹ğŸ˜¹ğŸ˜¹ğŸ˜¹ğŸ’°ğŸ’°ğŸ’³ğŸ’³"
"Keedes channel LIVE", 43611,"Ğ¼Ğ½Ğµ"
"Keedes channel LIVE", 43611,"Ñ Ğ´Ğ°Ğ¶Ğµ Ğ·Ğ°Ğ¿Ğ»Ğ°ĞºĞ°Ğ»"
"Taylor Nicole Dean", 43708,"Doberman/greyhound (cross?)"
"The Parakeet Perch", 44039,"I have tried different snacks for my budgies such as boiled eggs oranges and bananas and they just dont even bother with them the same goes with my pellet food I put in their silo feeder any ideas or tips to interest them??"
"Mewtley", 45310,"Derp..."
"MonkeyBoo", 45416,"Hahahah"
"LPE360", 45581,"That last guy with the paper plate is just a pussy"
"LPE360", 45581,"At 3:03 that chain is so small fuck Id be able to snap that no problem. ..shes a joke"
"Brave Wilderness", 45960,"I have horrible arachnophobiawhy am I watching thisÂ O_O"
"Brave Wilderness", 46471,"When you live nowhere near there but your so scared of spiders that you will ALWAYS check your shoes and sheets for spiders....."
"Brave Wilderness", 46471,"Here b4 this goes trending!!"
"Brave Wilderness", 46471,"Coyote you are INSANE!!!!! THAT LOOKS SO SCARY!Poor Coyote. It must have hurt so bad"
"Brave Wilderness", 46471,"Bearded *DRAGON*   *DUN DUN DUUUUNNNNN*"
"Brave Wilderness", 46471,"Am I the only one who feels bad when watching Coyote get hurt?"
"stacyvlogs", 46471,"I love you Stacy!! You are such an inspiration to me. You are my role model. Love Annina"
"Brave Wilderness", 46471,"I love this channel because it is so interesting and teaches me about animals and some of the dangers and things you need to know about them. I love watching your videos bc it is so amazing how brave you are and I think that if you can let a warrior wasp bite you then i can conquer my fear of spiders. With the pack I would go on an adventure (over a break probably). I would see what animals I find (although not too close). Stay Wild Coyote!! Iâ€™ll see you in your next adventure!!"
"Brave Wilderness", 46471,"Coyote : *gets bitten by a Gila monster* *stays calm*Collins: *gets bitten by cricket* *screams*"
"stacyvlogs", 46471,"Q: Is there a specific kind of breed of a dog that you want? If yes which one?"
"stacyvlogs", 46471,"Q:  What should you name a dog if you get another one??"
"Brave Wilderness", 46471,"Poor Coyote#NotificationSquadEdit: why am I getting hate just for saying that I feel bad for Coyote?"
"KajouTV", 46490,"Granmoun nn ap tiyem loll gwo bÃ¨f tibÃ¨f!"
"Vet Ranch", 47141,"you inspired my wife to go to vet school she loves these videos  I love your gun demolition ranch and off the ranch and shes been on this change every day looking gor new videos. you tube and google have been doing the same to my channel. we love the videos man !! dont give up"
"Brave Wilderness", 47141,"you know you have good co-workers in your life when they give you a fruit that makes you puke everything out you had in last year hahaha"
"Brian Barczyk", 47141,"sounds bad but I went on a year trip and my mother left the lights and fake tree up till I got back in October of the following year ...I took them down only to have to put them back up a month later lol so technically we had Christmas stuff up for a year straight"
"Brave Wilderness", 47141,"Love the videos man!! Cant tell if your the craziest man alive or one of the bravest lol ( this comment is not a complaint but...) holly crap the adds had me in suspense lol even time something went to happen a add popped up hahaha"
"Brian Barczyk", 47141,"Im a animal colector and rescue ..well I wouldnt say colector it just ended up that way. I have hundreds of animals with special needs that have make there way to me. snakes that were hit by cars  unwanted pets that the owner couldnt care for  or some were just left to die. if you have your hands full and need a person to take a few animals or need any help with them in general please let me know Ill be happy to help. my priority it the best health of the animal."
"stacyvlogs", 47176,"To make you feel better. My favorite part with her is when she said take that GRASHER. I was laughing so hard."
"Brave Wilderness", 48008,"7:38 that made me laugh ğŸ˜‚*starts singing**relising he found a worm*OHHHH"
"Brave Wilderness", 48008,"You should do a series of Bug Theatre!"
"Steff J", 48342,"Give away the baby ducks to your YouTube subscribers who want one"
"Steff J", 48342,"can she fly yes or no if no why"
"Steff J", 48342,"Ive not see this video yet but if they are fertile please give them away please #duck lover for life"
"Carolina Coops Videos", 48990,"Beautiful coops! Wish I could afford to buy one of your bigger coops."
"ShowMe", 49007,"that was a gold buzzer"
"Epic Wildlife", 51873,"WTF! Just I watch! ğŸ˜©"
"Taylor Nicole Dean", 52429,"Rule number one: Do NOT take cheese to the dairy section in a deli"
"Taylor Nicole Dean", 52429,"Since my mom cant afford for me to take proper care of my hermit crabs I feel the need to give them a proper home. They do have painted shells and I begged my mom o let me get natural shells and a bigger cage and the correct food and all that but my mom doesnt have the money for it. I cant even get them a heat lamp and I feel really bad for the care theyre in. Watching this video made me really bad for my hermit crabs. I have three of them and I cannot take care of them I do try and take care of them as much as I can but I know theyre not happy and I feel REALLY bad. I have no idea what to do so I came to this video for help but instead it made me feel really bad."
"Brave Wilderness", 52443,"https://www.youtube.comhttps://www.youtube.comhttps://www.youtube.comhttps://www.youtube.com"
"Meu ZoolÃ³gico", 52838,"ALGUÃ‰M SE LEMBROU DA SENHORA KIPLING? KKK"
"best pets", 53292,"The girl sounds like shes using men a protection"
"Taylor Nicole Dean", 53358,"i love your video and why i cant follow you on snapchat"
"Hope For Paws - Official Rescue Channel", 54096,"ğŸ˜¢ğŸ˜¢ğŸ˜¢ğŸ˜¢ğŸ˜¢ğŸ˜¢ğŸ˜¢ğŸ˜¢ğŸ˜¢"
"Brian Barczyk", 55694,"Aw you shouldve shown when you fed Bella! Its always so adorable!"
"Brian Barczyk", 55694,"I wouldnt do this just because the snake might get hurt."
"Brian Barczyk", 55694,"Ive never been this fast before"
"Brian Barczyk", 55694,"Happy birthday Brian!!!"
"SnakeHuntersTV", 55694,"Can you do a video showing any rare mutations or patterns on snakes?"
"Brian Barczyk", 55694,"Hey Brian whenever Im feeling down I can just go to one of your videos and just forget any bad memories. I am very thankful for that and thank you for being such an inspiration for everybody who loves animals or wants to love animals!"
"Brian Barczyk", 55694,"50th viewer!!!"
"Brian Barczyk", 55694,"Hey Brian thank you for being such an amazing inspiration for all of us! Its just so fantastic of you to show everybody how lovely and trusty reptiles can be keep up the good work man! As an experienced student i know that you dont get a tamed reptile as soon as you handle it and there for you are such a great inspiration because you prove that handling them for a longer period of time makes them bond with you. All im trying to say is keep doing you because it slowly but surely changes this worlds thinking about reptiles."
"Brian Barczyk", 55694,"58th viewer good vlog as always! Wow Bella sure is amazing!"
"Brian Barczyk", 55694,"Hey Brian I have a question for how long have you been taking care of reptiles? And how old is JJ? Keep up the great work!"
"Brian Barczyk", 55694,"Notification squad!! where are youuuu?"
"Brian Barczyk", 55694,"This is the only channel where I dont look at the title of the videos cause I know that the videos are always full of interesting and amazing content"
"Brian Barczyk", 55694,"Congratulations on 740k subs!"
"Brian Barczyk", 55694,"Roses are redViolets are blueBrian you are the bestAnd so are the rest"
"Brian Barczyk", 55694,"Yo Brian why were you feeding those snakes with live rodents?"
"Brian Barczyk", 55694,"My dream animal would probably be chinchillas"
"Brian Barczyk", 55694,"Congratulations on 265 vlogs Brian keep doing what you do best!"
"Brian Barczyk", 55694,"hey Brian how are you today?"
"Brian Barczyk", 55694,"Good day  Brian! Cool reptiles you showed us today!"
"Brian Barczyk", 55694,"I clicked on the video as soon as I saw it and Im still the 913th viewer..."
"Brian Barczyk", 55694,"Yes! I always get so happy when you post a new video! Keep up the great work"
"Brian Barczyk", 55694,"Good morning people!"
"Brian Barczyk", 55694,"Thank you so much Lori for keeping us updated on whats going on in the shop! Keep up the amazing work!"
"Brian Barczyk", 55694,"Hey Brian could you do more videos with Karma or RJ?"
"Brian Barczyk", 55694,"That jumpscare scared the life out of me... Why did you do this Brian?"
"Cat Man Chris", 56494,"I want to be like these people one day"
"Cole & Marmalade", 56494,"These poor cats..."
"Brave Wilderness", 56576,"Most disgusting episode ever!!!  But I like it!!  Hahaha."
"Brave Wilderness", 56576,"I never understood why anyone would thumb down a video like this. Its educational mesmerising  motivational high quality. Whats there not to like?"
"Brave Wilderness", 56576,"Congratz Coyote! And thank you for the amazing videos! Wish Im rich and can hire you to be my personal wilderness guide and travel all around the world!"
"Brave Wilderness", 56576,"You guys just love watching Coyote puke dont you! Haha... Poor Coyote!"
"Cat Man Chris", 56610,"Is Harry the one who smacked himself into the mirror?  He looks pretty good."
"Cole & Marmalade", 56610,"Chris did you and Diane manage to catch that very young black kitten yet? The one in the carpet garage?"
"Cole & Marmalade", 56610,"1:19 Looks like Marm suddenly got possessed. LOL"
"Cole & Marmalade", 56610,"That fishing net... YIKES.  But I guess it had to be done."
"Cat Man Chris", 56610,"Are you a zoologist?"
"Ginger Kitties Four", 56610,"Do you have that bassinet up on its legs?  Is Athena able to jump up and down to eat or use the litter box?  Or will you put the bassinet on the floor to make it easier for them?"
"BullyAffiliated", 56617,"Do you will have the puppy?"
"Brian Barczyk", 56760,"Pls pls brian can you tell me where you live"
"RandomReposts", 57127,"5.16 = Instant karma"
"NeSekret TV", 57212,"ĞĞ¸Ğ·ĞºĞ¸Ğ¹ Ğ’Ğ°Ğ¼ Ğ¿Ğ¾ĞºĞ»Ğ¾Ğ½.ÑĞ¿Ğ°ÑĞ¸Ğ±Ğ¾ Ğ¾Ğ³Ñ€Ğ¾Ğ¼Ğ½Ğ¾Ğµ Ğ·Ğ° Ğ’Ğ°ÑˆĞ¸ Ñ‚Ñ€ÑƒĞ´Ñ‹"
"Parrot Wizard", 57513,"It looks like a child threw their bird who bit them and threw the bird right out the door"
"Info Marvel", 57925,"minuto 2:04 empieza la clase de mate ğŸ˜£ğŸ˜£"
"Brave Wilderness", 58249,"I swear Coyote is high half the time he films these videos ğŸ˜‚"
"Taylor Nicole Dean", 58249,"Hey Taylor do you think you could do another hedgehog video Iâ€™m getting one very soon and Iâ€™m very excited"
"Taylor Nicole Dean", 58249,"I love these hedgehog videos because I going to get one in a month"
"Brave Wilderness", 58249,"Ive been around since 700k and I love every video Coyote Mark and Mario make I think its awesome what he does."
"Taylor Nicole Dean", 58249,"Jesus Christ Taylor"
"Taylor Nicole Dean", 58249,"Name the Mexican black king snake bean"
"PugPibbleHedgie", 58249,"Please keep making more hedgehog videos Iâ€™m getting mine in 4 weeks weâ€™re just waiting on the breeder"
"Vet Ranch", 58249,"*dog cries*Her: Whatâ€™s wrongDog: BITCH I HAVE A TUBE DOWN MY NECK"
"GoHerping", 58249,"Thank you for these videos I might be getting a Kenyan Sand Boa in a few months"
"Brave Wilderness", 58249,"Finally a decent YouTuber from Ohio"
"Brave Wilderness", 58249,"Dear Coyote Ive been watching your channel since 700k and Ive seen every adventure youve been on. Ive always loved animals thats why I want to be a marine biologist when I grow up. I love what you do I think its awesome that you appreciate animals so much. I loved the episode where you swam with the manatees. Thats why I watch you because you post real content that inspires all of us. Thank you. Btw Im 12 years old from Arizona."
"Brian Barczyk", 58933,"I used to be scared of snakes until I saw u and taylor"
"Iron Blood Tattoos", 59113,"Ear aching intro.  Please turn it down. Cool?"
"Vet Ranch", 59962,"Iâ€™m not a vet or anything but why couldnâ€™t u just cut the dead layer of off till u got to fresh tissue sand it a tad down till it bleeds the sucher it up because that made me cringe because of his knob being cut off and poor bugger"
"Vet Ranch", 59962,"0:50-1:00 heâ€™s got a boner lol but seriously poor bugger"
"BeautifulHusky", 60185,"Thats so cool! Vaguely knew about Disneys Ferdinand the Bull (admittedly Ive never seen the cartoon) but I kinda wanna figure out more about it now! That plush is amazing and so are you. Always nice to see new stuff from ya!"
"BeautifulHusky", 60185,"Saw the Jumanji board game as the thumbnail and I was snared right in girly! Thatâ€™s like one of my favourite movies of all time and Iâ€™m seeing the sequel on Wednesday. Iâ€™m so excited!! Awesome haul too!"
"BeautifulHusky", 60185,"Ohhhh my goooooosh I love the colors!!!"
"BeautifulHusky", 60185,"I have to be honest I was nervous about Spirit: Riding Free but its actually really good! Ive seen all the episodes too and Im legitimately excited to see more!"
"BeautifulHusky", 60185,"Those are so cute! I donâ€™t know about you but Iâ€™m already playing Christmas music over here! â¤ï¸"
"BeautifulHusky", 60185,"Hey weâ€™re the same age! Seriously happy late Birthday hon! Hope it was incredible!"
"BeautifulHusky", 60185,"What a fantastic find darlin! He is gorgeous!! And your plush collection is freaking amazing!"
"BeautifulHusky", 60185,"Merry Christmas hon! Hope itâ€™s been amazing!"
"Worlds Fuzziest Videos", 61209,"DONT PRESS READ MORE! What A Savage..."
"Taylor Nicole Dean", 61209,"Spot the difference like if u do dddddddddddddddddddddddddddddddddddddddddbdddddddddddddddddddddddddddddddddd"
"Brave Wilderness", 61494,"USAIN BOLT 12:43 LOLOLOLOLOLOL"
"The Dodo", 61576,"Beautiful ğŸ˜¥"
"MonkeyBoo", 61576,"it warms my heart to see a happy monkey"
"Brave Wilderness", 62311,"All these people commenting about Coyotes and Marks responses are making me laughğŸ˜‚"
"Keystone Puppies", 62406,"Homko Ak Chief a"
"Animal Defenders International", 62737,"December 12th 2017: HAPPY BIRTHDAY BOB BARKER. WE LOVE YOU â™¥Â  (Only 94 years young) â˜º"
"LOST HIGHWAY", 62737,"9:09 That was the doozy to end all doozies!!!"
"Epic Wildlife", 63289,"i could be a dead blackpanther"
"Brian Barczyk", 63316,"is no way I step in a pool with a snake and snakes and strike in a pool"
"Zak Georges Dog Training rEvolution", 63541,"my dog lucky wont eat of his bowl hell only eat out peoples hands how do i get him to eat out of his bowl"
"Zak Georges Dog Training rEvolution", 63541,"hey zak Ive got two dogs lucky and max their brothers and their breed is mini foxies. lucky for some reason lucky wont eat any food unless you let him eat out of your hand but max eats anything no matter where his food is. i tried cleaning their bowls more often and moving them near where they hang out instead of inside because lucky is a very timid dog and gets nervous easily i was wondering if you new any reasons why he wont eat unless he can eat from my hand."
"Zak Georges Dog Training rEvolution", 63541,"can you make a video for going on a long road trip with your dog"
"Brave Wilderness", 64892,"What a shock Coyote.Impressive.Convinced to buy the book"
"New York Bully Crew", 64972,"I love how the bully crew calls the dogs bully babies instead of pitbulls. Pitbull is a term for the scumbags that use dogs to fight. I prefer to use names that were intended for the beautiful dogs they are...amstaffs...american bulldogs...bull terriers. And hell bully babies in general for all those that are mixed or pure because ya all know as well as I do love is love. I hate the name pitbull because it was the name given by dog fighters. Ive found people respond better with the original names of the dogs. Its the stigma that the term pitbull brings that I think destroys these dogs true personalities."
"ê¼¬ë¶€ê¸°ì•„ë¹  My Pet Diary", 65053,"ê¼¬ë¹„ì•¼ ì •ë§ ìš°ì£¼ì˜ ì‹ ë¹„ê°€ ë„ˆì˜ ëˆˆì— ìˆë‹¤ ...â¤"
"ê¼¬ë¶€ê¸°ì•„ë¹  My Pet Diary", 65053,"ã… ã… ë„ˆë¬´ ì´ì˜ë‹¤ ìµ¸ê¼¬ë¹„...âœ¨ ë³´ë‹¤ê°€ ê°™ì´ ë‚˜ë¥¸í•´ì ¸ì„œ ì˜ ë»” í–ˆìŠµë‹ˆë‹¤.."
"Robin Seplut", 65106,"It wants milk"
"Big Cat Rescue", 65106,"Such a weird meowLoved it tho"
"The Dodo", 65651,"Did yoy keep the puppy and take it home with youplz anser mr.DODO. may god bless you"
"RaleighLink14", 65992,"Since bratayley put up this video annie only went to see her horse 2 times. They travel to much and I totally agree what Raleigh said. Also green horse and green rider... It isnt a great mix. Im not being rude its just my opinion. Xx"
"RaleighLink14", 65992,"I also wanna add she havent seen her horse in like.......AGES! She travels too much and has just almost lost interest. I feel so so bad for a poor horse the horse could be made into a brilliant working horse if somebody like Raleigh was to train it! Young Horse+Young Rider=Fail (most of the time) Ive been riding for 7 years and my parents wont get me a horse because of the time money and dedication it is. Annie has been riding for about 3 lessons over like 5 months. Where is the logic that tells them to buy a horseğŸ˜‚ they only bought the horse coz she liked the colour! Shows how much they know!!NOT"
"RaleighLink14", 65992,"Feel bad for the pony and COMPLETELY agree with Raleigh! But I hope I dont offend Raleigh but when she is angry its kinda funnyğŸ˜‚ but seriously at the same time!  Especially when she says bo or however you spell it!!"
"Think Like A Horse", 65992,"I feel sorry for those poor horses! Its not right for them to walk in circles like that because their bodies are permentaly bent!  I would never use that pony rides for myself or my children!!!!"
"Hope For Paws - Official Rescue Channel", 66282,"I love your work"
"Hope For Paws - Official Rescue Channel", 66282,"Can we adopted one please!!!!ğŸ˜©ğŸ˜©â¤ï¸â¤ï¸â¤ï¸â¤ï¸â¤ï¸â¤ï¸ğŸ˜­ğŸ˜­"
"Taylor Nicole Dean", 66597,"When I got my bearded dragon the reptile expert of the store told me not to feed it until the following Monday. I was there on a Thursday. Needless to say I fed that little baby as soon as I got her home! Luckily though he doesnt work there anymore!"
"Taylor Nicole Dean", 66597,"9:23 So pretty! If I had a bigger apartment and a ton of money Id love to get some cute critters!"
"Brave Wilderness", 67841,"The comments for this video are hilarious. (Well the ones talking about Marks reactions anyway)Mark: Did he get you?Coyote: No Mark Im just pretending to be in extreme pain."
"Brave Wilderness", 67841,"After all those other bites and stings this seems rather lackluster..."
"Keedes channel LIVE", 68660,"Ğ Ğ°Ğ´Ğ° Ğ½Ğ¾Ğ²Ğ¾Ğ¼Ñƒ  Ğ²Ğ¸Ğ´ĞµĞ¾))ÑÑƒĞ¿ĞµÑ€!"
"Keedes channel LIVE", 68660,"Ğ­Ñ‚Ğ¾Ñ‚ Ğ½Ğ¾Ğ²Ñ‹Ğ¹ ĞºĞ¾Ñ‚ĞµĞ½Ğ¾Ğº Ñ‚Ğ°Ğº Ğ’Ğ°Ñ Ğ¿Ğ¾Ğ»ÑĞ±Ğ¸Ğ»...Ğ¾ÑĞ¾Ğ±ĞµĞ½Ğ½Ğ¾ ÑÑ‹Ğ½Ğ°ÑÑ€Ğ°Ğ·Ñƒ Ğº Ğ½ĞµĞ¼Ñƒ Ğ¿Ñ€Ğ¸Ğ¿Ğ°Ğ»..ĞÑÑ‚Ğ°Ğ²Ğ»ÑĞ¹Ñ‚Ğµ ÑĞµĞ±Ğµ))"
"â˜…Amazing Animals TVâ˜…", 68660,"Ğ¢Ğ°Ğº Ğ¶Ğ°Ğ»ĞºĞ¾ Ğ´ĞµĞ»ÑŒÑ„Ğ¸Ğ½Ğ¾Ğ²! Ğ‘Ğ¾Ğ»ÑŒĞ½Ğ¾ ÑĞ¼Ğ¾Ñ‚Ñ€ĞµÑ‚ÑŒ!"
"Keedes channel LIVE", 68660,"ĞšĞ°Ğº ĞµĞ¼Ñƒ Ğ¿Ğ¾Ğ²ĞµĞ·Ğ»Ğ¾Ñ‡Ñ‚Ğ¾ Ğ’Ñ‹ ĞµĞ³Ğ¾ Ğ½Ğ°ÑˆĞ»Ğ¸)))ÑĞ¿Ğ°ÑĞ¸Ğ±Ğ¾ Ğ›ÑĞ´Ğ¸Ğ¸Ğ¸Ğ¸Ğ¸"
"Keedes channel LIVE", 68660,"Ğ—Ğ°Ğ³Ğ»ÑĞ´ĞµĞ½Ğ¸Ğµ)))"
"Brian Barczyk", 68781,"No it sound creepy"
"ê¼¬ë¶€ê¸°ì•„ë¹  My Pet Diary", 68872,"2:16  ê¼¬ë¶€ê¸° ë³´ë©´ ì˜ˆì „ë³´ë‹¤ í›¨ì”¬ ë§ˆë¥¸ê²Œ í™”ë©´ìƒìœ¼ë¡œ ëŠê»´ì ¸ì„œ ë” ì•ˆíƒ€ê¹Œì›Œìš”."
"", 69106,"OMG PPLZ REACT TO ALL OF THEM :d"
"Brave Wilderness", 69222,"Here before its trending"
"Brave Wilderness", 69222,"#Under1KClub"
"Brave Wilderness", 69222,"When Youre In One Of Those Cities But Leaving Before The Show ğŸ™"
"Brave Wilderness", 69222,"48 Views And 374 Comments? Mommy! Youtube Is Drunk Again!"
"Epic Wildlife", 69545,"Bruh!"
"Brave Wilderness", 69741,"can I please have one I dont care what I get just please"
"Brave Wilderness", 69741,"ty coyote"
"Viktor Larkhill", 69901,"You are the best human ever"
"Taylor Nicole Dean", 70018,"The sarcasm in your voice when that girl asked if it was an armadillo. I cant right nowğŸ˜‚ Petshmo"
"ViralHog", 70191,"Why  is she crying  shes  like  a baby"
"ViralHog", 70277,"Idiot"
"HammyLux", 70944,"My hammy passed away today ğŸ˜¢"
"StormyRabbits", 70944,"Hi Abby!"
"HammyLux", 70944,"Youâ€™re so pretty ğŸ˜"
"HammyLux", 70944,"You are such a great hamster owner Patch and biggie smalls  are so lucky to have you â¤ï¸"
"StormyRabbits", 70944,"Could you maybe do a video on sore hocks? Please that would be very helpful :)"
"Nichole337", 71107,"ğŸ˜›ğŸ˜›ğŸ˜›ğŸ˜›ğŸ˜ğŸ˜ğŸ˜ğŸ˜ğŸ˜ so cute"
"Nichole337", 71107,"Awww your married"
"Nichole337", 71107,"Im sorry that happen to you if i was your mom i would have PUNCHED THEM SO HARD YOU DONT EVEN KNOW. I WOULD HAVE KICKED THEM IN THE NUTS LIKE FOR REAL"
"Brave Wilderness", 71107,"ğŸ˜‹ğŸ˜‹ğŸ˜‹"
"Brave Wilderness", 71107,"AHHH ITS THROUGHING UP RELISH"
"Aarons Animals", 72191,"aww poor micheal!"
"DNL Discovery", 72726,"Cool..."
"ê¼¬ë¶€ê¸°ì•„ë¹  My Pet Diary", 72751,"ì˜ìƒê¸´ ì–¼êµ´ë„ ë¶ˆìˆœë¬¼ì´ ë˜ëŠ” ê¼¬ë¶€ê¸°ì˜ ë§¤ë ¥â¤â¤â¤"
"Brave Wilderness", 72899,"Here before trending"
"Brian Barczyk", 73291,"I really want that snake with one eye but my parents will say no ğŸ˜­ğŸ˜­ğŸ˜­ğŸ˜­ğŸ˜­ğŸ˜­ğŸ˜­"
"TCTV", 73531,"tá»™i cho a áº¥y bá»‹ boss hÃ nh sml ğŸ˜‚ğŸ˜‚"
"Kyle Naegeli", 73727,"Poor turtle"
"Paws Channel", 73798,"Stupid"
"Brave Wilderness", 74700,"Raptor fossil"
"The Pet Collective", 74976,"I have a great cat video on my channel"
"Brian Barczyk", 75127,"Hi"
"The Dodo", 75555,"I feel bad for dog"
"IKM218", 76105,"Heather: *eats the pills*Veronica: *FLYS IN AT HIGH SPEED* STOP HEATHER! I love this animatic tho"
"MonkeyBoo", 76430,"This monkey is so cute"
"Taylor Nicole Dean", 77256,"You hit a million boo â¤ï¸ Proud of you!"
"Taylor Nicole Dean", 77256,"Isnt it cray that you were celebrating 200 000 subs Feb 5th 2017 and in less than a year later October 13th 2017 you have over 800 000 subs. *Applause*"
"The Dodo", 77293,"I cried for 1hour after this ğŸ˜­ğŸ˜­ğŸ˜­ğŸ˜­ğŸ˜­ props man props"
"MonkeyBoo", 77344,"hallo"
"The Experience", 77542,"Vakkkk no like"
"Mewtley", 77852,"I just Subed this is the best thing I have ever seen"
"Steff J", 77946,"BUY THEM"
"Brave Wilderness", 77997,"what if you see it in your house"
"Hope For Paws - Official Rescue Channel", 78111,"Ğ£Ñ€Ğ¾Ğ´Ñ‹!!!"
"Hope For Paws - Official Rescue Channel", 78111,"Ğ¡ÑƒĞºĞ¸!!!"
"Hope For Paws - Official Rescue Channel", 78111,"Ğ ĞµÑĞ»Ğ¸ Ğ±Ñ‹ Ğ²Ğ¼ĞµÑÑ‚Ğ¾ Ñ‰ĞµĞ½ĞºĞ¾Ğ² Ğ±Ñ‹Ğ»Ğ¸ Ğ´ĞµÑ‚Ğ¸ Ğ°!!!"
"Robin Seplut", 78541,"OMGGGGG IT LOOKS SO FRICKIN ADORABLEEEEEE!"
"Gohan The Husky", 78541,"Awww!"
"Taylor Nicole Dean", 78950,"turtle turtle! ğŸ¢"
"Swissivory", 78950,"Dope content!!"
"Hope For Paws - Official Rescue Channel", 79237,"These people risk their lives for these dogs.Thats a true heroğŸ˜ŠğŸ˜‡"
"drthik1", 79823,"Im totally ok with rabbits getting eaten by snakes but Im just curious.... why are all of their legs bloody? Did the get broken to avoid injuring the snakes?"
"prehistoricpetstv", 79823,"I dont consider myself as someone that is afraid of snakes. I deal with garter snakes all the time at my job (Ive even picked them up to get them out of the way) and Ive dealt with rattlesnakes. But this is crazy. You have some massive balls man"
"Grupero Pegassero Inmortal", 81040,"!Estas son cancinesÂ¡ gracias por esta coleccion de musica perrona..."
"Brave Wilderness", 83073,"Seriously this episode was awesomeâ¤Coyote plz make episodes like in which you search for the predator first."
"PetSmart", 84390,"hi"
"ViralHog", 84893,"What the fuck"
"Garrett Rose", 84893,"Y"
"Brave Wilderness", 85398,"I have a turtle XD I named him Timmy but I want a JUMBO turtle too so Timmy can ride the giant turtle I would name Goliath"
"Taylor Nicole Dean", 85398,"Turtles ??????!"
"Keedes channel LIVE", 86236,"Ñƒ Ğ¼Ğ¾ĞµĞ³Ğ¾ Ğ´Ñ€ÑƒĞ³Ğ° Ğ¼Ğ°ĞºÑĞ° ÑĞµĞ³Ğ¾Ğ´Ğ½Ñ Ğ´ĞµĞ½ÑŒ Ñ€Ğ¾Ğ¶Ğ´ĞµĞ½Ğ¸Ñ Ñ Ğ¿Ñ€Ğ°Ğ·Ğ´Ğ½Ğ¸ĞºĞ¾Ğ¼ Ğ¼Ğ°ĞºÑ"
"Keedes channel LIVE", 86236,"ĞœĞ¸Ğ¼Ğ¸ Ğ¿Ğ¾ĞºĞ°!Ğ¯ Ğ±ÑƒĞ´Ñƒ ÑĞºÑƒÑ‡Ğ°Ñ‚ÑŒ!"
"Keedes channel LIVE", 86236,"ĞºĞ¾Ñ‚ÑÑ‚Ğ° Ğ±ĞµÑÑÑ‚ÑÑ 3:55"
"Keedes channel LIVE", 86236,"Ğ¿Ğ¾Ğ·Ğ´Ñ€Ğ°Ğ²Ğ»ÑÑ"
"Keedes channel LIVE", 86236,"Ğ²Ğ°Ñ Ğ½Ğµ ÑƒĞ·Ğ½Ğ°ÑÑ‚ Ğ½Ğ° ÑƒĞ»Ğ¸Ñ†Ğµ?"
"Keedes channel LIVE", 86236,"ĞºÑ€Ğ°ÑĞ¸Ğ²Ğ¾ Ñƒ Ğ²Ğ°Ñ Ñ‚Ğ°Ğ¼ Ğ° Ñ Ğ² Ğ±Ğ¾Ğ»Ğ¾Ñ‚Ğµ Ğ¶Ğ¸Ğ²Ñƒ"
"Keedes channel LIVE", 86236,"Ğ·Ğ´ĞµÑÑŒ Ğ±Ñ‹Ğ» Ñ€Ñ‹Ğ¶Ğ¸Ğº )))"
"Keedes channel LIVE", 86236,"ĞºÑ€Ğ°ÑĞ¸Ğ²Ğ¾"
"Keedes channel LIVE", 86236,"ĞºĞ»Ğ°ÑĞ½Ñ‹Ğ¹ ĞºĞ¾ÑÑ‚ÑĞ¼Ñ‡Ğ¸Ğº"
"Keedes channel LIVE", 86236,"Ğ½Ñƒ Ğ½Ğ¸Ñ‡ĞµĞ³Ğ¾ ÑĞ¸Ğ±Ğµ Ğ±Ğ°Ğ»Ñ‹Ğº"
"Keedes channel LIVE", 86236,"Ğ²ÑĞµĞ³Ğ´Ğ° Ğ¶Ğ°Ğ»ĞºĞ¾ Ğ±ĞµĞ·Ğ´Ğ¾Ğ¼Ğ½Ñ‹Ñ… Ğ¶Ğ¸Ğ²Ğ¾Ñ‚Ğ½Ñ‹Ñ…"
"Keedes channel LIVE", 86236,"Ğ½Ñƒ Ñ€Ñ‹Ğ¶Ğ¸Ğº"
"Keedes channel LIVE", 86236,"Ğ¡Ğ½Ğ¸Ğ¼Ğ¸Ñ‚Ğµ Ñ‡Ñ‚Ğ¾ Ğ½Ğ¸Ğ±ÑƒĞ´ÑŒ Ğ¿Ñ€Ğ¾ ĞĞ¾Ñ‡ĞºÑƒ Ğ°?"
"Keedes channel LIVE", 86236,"Ğ° ÑĞºĞ¾Ğ»ÑŒĞºĞ¾ Ğ½Ğ¾Ñ‡ĞºĞµ Ğ»ĞµÑ‚?"
"Keedes channel LIVE", 86236,"ĞšÑ€ÑƒÑ‚Ñ‹Ğµ ĞºÑ€ÑƒĞ¶ĞºĞ¸"
"Keedes channel LIVE", 86236,"ÑˆÑƒÑ‚ĞºĞ° ÑƒĞ´Ğ°Ğ»Ğ°ÑÑŒ Ñ Ğ¿Ğ¾Ğ²ĞµÑ€Ğ¸Ğ»"
"Keedes channel LIVE", 86236,"ĞºÑ€ÑƒÑ‚Ğ¾"
"Keedes channel LIVE", 86236,"Ñ€Ñ‹Ğ±Ğ°Ğ»ĞºĞ° ÑÑ‚Ğ¾ Ñ…Ğ¾Ñ€Ğ¾ÑˆĞ¾"
"Keedes channel LIVE", 86236,"Ñ Ğ±Ñ‹ Ğ²Ğ·ÑĞ» ĞºĞ¾Ñ‚Ñ"
"Keedes channel LIVE", 86236,"ĞŸĞ¾Ñ‡ĞµĞ¼Ñƒ Ñ‚Ğ°Ğº Ğ¼Ğ½Ğ¾Ğ³Ğ¾ Ğ´Ğ¸Ğ·Ğ»Ğ°Ğ¹ĞºĞ¾Ğ²?"
"Big Cat Rescue", 86396,"They seem very well behaved and to like the attention. How often do humans get in the cage?"
"Bee Strong Honey & Bee Removal", 86494,"Love your videos!"
"Bee Strong Honey & Bee Removal", 86494,"Hottest bee master ever! ğŸ”¥ğŸ”¥"
"Alex Dauterive", 86731,"Yup still a fetusğŸ˜ğŸ˜ğŸ˜"
"Alex Dauterive", 86731,"New subscriber here"
"Alex Dauterive", 86731,"Loved your reaction ğŸ˜"
"Alex Dauterive", 86731,"Mianhae means sorry thats what jungkook said"
"Brian Barczyk", 87084,"DidiğŸ˜"
"Brave Wilderness", 87530,"WHy cant I catch a harmless jumping spider?? it cant bite me. Ive done it heaps before."
"Brave Wilderness", 87530,"When he starts talking just after the bite it sounds like he inhaled helium"
"Brave Wilderness", 87530,"*sees eyes* oh crap I should get a light 40x brighter than my current one and see it"
"Brave Wilderness", 87822,"Love your channel"
"Joseph Carter the Mink Man", 88717,"my heart goes out to you"
"LPE360", 88763,"2:20 was not fucking funny at all buy incredibly dangerous."
"Vet Ranch", 89097,"Please if you said this what is a bait dog?  Thankyou."
"Vet Ranch", 89097,"Did I miss this but did you perform the surgery or was a specialist involved?  Amazing what these animals put up with."
"Bee Strong Honey & Bee Removal", 89097,"These experiences you are having with your son will last both of your lifetimes as great great memories.  My hats off to you for your teaching and inclusiveness."
"Vet Ranch", 89097,"Photo with the light behind the photographer."
"Vet Ranch", 89097,"I sure hope you drug the heck out of this poor puppy!"
"Bee Strong Honey & Bee Removal", 89097,"Milwaukee makes a carbide tipped sawzall blade that should fit your machine.  I imagine they are not inexpensive but if they cut the wood as if it were butter er cut the wood as if it were comb they might be worth a look especially if they speed up the work on a stinking humid day!"
"Bee Strong Honey & Bee Removal", 89097,"We need more like you. Congratulations."
"Talking Kitty Cat", 89222,"happy b day gibbyson"
"Feral Pride", 89489,"can you please tell me the soundtracks to this and who makes them. im talking about the synth music in the begining"
"Kamp Kenan", 89748,"Best of luck Kenan. And stay safe"
"ViralBe", 89874,"You forgot the leopard"
"ViralBe", 89874,"2:14 wheres perry? Oh there you are"
"ViralBe", 89874,"You forgot the Saluki dog breed its fast like a gazelle"
"SlideShow ForFun", 89939,"I pray Connor gets a loving forever home and family very soon... God bless you"
"The Dodo", 89939,"Lovely accepting caring Mom... Ninja is lucky and having lots of fun...."
"The Humane Society of the United States", 89939,"Shut the store... Punish the employees or recruite proper employees..."
"The Dodo", 89939,"Great job.... Wanna join you guys.... Keep it up..."
"World Animal Awareness Society", 89939,"Reunion with the family is first priority .. adoption.. second..."
"Viktor Larkhill", 89939,"OMG... You are a true human Viktor... I pray God sends more people like you on this planet Earth.... Betsy she is in safe hands and so sweet... I pray she gets a loving forever home... Pl update..."
"Viktor Larkhill", 89939,"Please save Skye.... God bless you.."
"The Dodo", 89939,"A dog... always and only a mans best friend... God bless you.."
"The Dodo", 89939,"So cute..."
"Viktor Larkhill", 89939,"Hats off to Viktor and his team... God bless you and Skye..."
"Vet Ranch", 89939,"Dog fighting and dog baiting is the biggest disease... Which has to be cured.. the dogs suffer without any of their mistake.."
"Vet Ranch", 89939,"You guys are Angels.. I couldnt believe my eyes when I saw the later part of the video.... Sweet Flynn.. I pray he gets a loving forever family soon... God bless you..."
"Viktor Larkhill", 89939,"Thank God... Sky eating on his own... God bless Viktor and his team....."
"The Dodo", 89939,"Thank you for saving Knight.... God bless you..."
"The Dodo", 89939,"God Bless the rescuer.."
"Viktor Larkhill", 89939,"I pray Edna gets well soon.... Thank you and God bless Viktor..."
"Hope For Paws - Official Rescue Channel", 89939,"I pray she gets a loving forever home and family... Thank you guys for rescuing a lovely dog..."
"Viktor Larkhill", 89939,"Viktor.. the work you are doing is Great... YouTube should not do this... In fact You tube should support you.. God bless Viktor and his team..."
"Stray Rescue of St. Louis", 89939,"You are Angels... God bless you..."
"Stray Rescue of St. Louis", 89939,"Great job... God bless you..."
"Stray Rescue of St. Louis", 89939,"Heartbreaking.... But who did this to the innocent doggy...."
"The Dodo", 89939,"Both of you are Amazing.. God bless you.."
"Hope For Paws - Official Rescue Channel", 89939,"Love your dedication to save the innocent creatures... Thumbs up for you.."
"Max and Katie the Great Danes", 89939,"I pray.. Maxs sores heal fast.. So that he can enjoy his swim.. I Thank his Mom for caring Max... so much.. Just a kid..."
"WaysideWaifs", 89939,"An adorable Dutch...very playful... I pray and wish he gets a loving forever home and family very very soon... God bless you.."
"Viktor Larkhill", 89939,"Does the same theory apply to human beings... older human beings not treated... OMG... Wheres humanity... Thank you Viktor God bless you and your team..."
"The Dodo", 89939,"You guys are so nice.. a very innocent baby.. There can never be a bad dogs .. they are lovable creatures.. There are only bad owners who use and abandon these dogs.."
"New York Bully Crew", 89939,"I always love and respect your work NYBC.... Thumbs up for you... RIP Naji....thank you.. for she was with loving people around.. Victoria is a very playful baby.. I pray.. she gets a loving forever home.. God bless you.."
"Viktor Larkhill", 89939,"Thank God... She is in good hands... God bless you Victor Larkhil.."
"WaysideWaifs", 89939,"Why are humans so inhuman..."
"The Dodo", 89939,"The Angels...."
"The Dodo", 89939,"Thank you Angels.... God bless you...."
"World Animal Awareness Society", 89939,"Poor Pitbulls.. Whats their mistake.. Why are they being killed... Please save a beautiful breed...."
"Alex Knappenberger", 89939,"Hey Brucey.. You are a darling baby... A well behaved guy... Thank you Alex for you are a great Dad... God bless.."
"Stray Rescue of St. Louis", 89939,"A very gentle dog... Thank you for the rescue... Wish she gets a loving forever home and family.... God bless you"
"SlideShow ForFun", 89939,"Together with family... God bless..."
"The Dodo", 89939,"I know you are Craig... NYBC...amazing crew...."
"The Dodo", 89939,"Ayita and her Dad.. an inspiration to many... thank God.. people like him make this world beautiful and trustworthy... God bless you.."
"The Dodo", 89939,"Amazing dogs..."
"Viktor Larkhill", 89939,"Viktor... God bless you... and your team... I pray.. God sends more people like you on this planet Earth... to make it a beautiful place filled with love peace and kindness...."
"SlideShow ForFun", 89939,"Thank you so much for rescuing her... Hope she gets lovely forever home... God bless you.."
"Stray Rescue of St. Louis", 89939,"Hats off to people like you..."
"World Animal Awareness Society", 89939,"Dont buy... Adopt a pet.."
"Vet Ranch", 89939,"Thank you Vet Ranch for saving this innocent soul...."
"Viktor Larkhill", 89939,"You are a true human.. A real Hero... God bless you.."
"Viktor Larkhill", 89939,"A miracle.... Victor.. Your job is great.. God bless you.."
"The Dodo", 89939,"Great job NYBC.. Caci is in safe hands.... Thank you... God bless you..."
"The Humane Society of the United States", 89939,"Great job HSUS... thank you for rescuing the innocent creatures.... they are in safe hands...."
"The Dodo", 89939,"A man with Great heart... God bless you..."
"New York Bully Crew", 89939,"God save Iron... Poor doggy suffering a lot... Thank you NYBC.. for taking up such a great loving job...."
"Viktor Larkhill", 89939,"Please save Amy... God bless"
"Viktor Larkhill", 89939,"RIP Bodi... the one who did this to Bodi shall soon see the pain and suffering and......... Thank you Viktor and team for doing your best.... God bless..."
"Viktor Larkhill", 89939,"Hats off Viktor... Yes I am with you.... God bless you and your team...."
"The Dodo", 89939,"Both are Brand Ambassadors... God bless you both..."
"Hope For Paws - Official Rescue Channel", 89939,"May God bless you all..."
"WaysideWaifs", 89939,"Lovely dog... I pray he gets a loving forever home and family very soon... Thank you for Rory is in safe hands.."
"The Dodo", 89939,"Thank God.. You saved him in the right time.... People like you make me.. . have faith in humanity... God bless you.."
"The Dodo", 89939,"Lovely video...."
"Hope For Paws - Official Rescue Channel", 89939,"So cute... Thank you.. Hope for Paws.. God bless you.."
"Hope For Paws - Official Rescue Channel", 89939,"He is in safe hands... Thank you... God bless you..."
"Michigan Humane Society", 89939,"I think pit bulls are the most abandoned breed... they are bred sold bought and abandoned.. I dont understand why.. God bless your family thank you adopting a lovely dog.."
"Viktor Larkhill", 89939,"Enjoy your life Chuck..... Thank you Viktor and Team..."
"Stray Rescue of St. Louis", 89939,"OMG.. What happened to her.... Thank God she is in safe hands.. God bless you..."
"Stray Rescue of St. Louis", 89939,"She is so sweet and gentle... Thank you for saving it in time... I pray she gets well and goes into a lovely forever home... God bless.."
"The Dodo", 89939,"Mr. Kiss bull.... Haha I"
"Viktor Larkhill", 89939,"Oh my God... Whoever did this to the innocent doggy is going to face the same thing in this life... Viktor... you are God to these creatures... not less than God... I wish I could join you... I pray Sky gets well soon.. God bless you.."
"The Dodo", 89939,"OMG.. The bird is so sensitive... being taken care of.. so gently.."
"Michigan Humane Society", 89939,"I thank MHS.. God bless you.. Baron is a sweet boy.. Thank you Todd and Lara.. for giving Baron lovely forever home.. He is in safe hands.. God bless you all..."
"Michigan Humane Society", 89939,"I couldnt stop my tears when I watched Barons first video.. I am very very happy for him now.. God bless the new family of Baron...."
"The Dodo", 89939,"Thats great....."
"Viktor Larkhill", 89939,"You guys are Angels.. Poor doggy.. Bless you.."
"Viktor Larkhill", 89939,"Victor Larkhil.. I salute you.. I pray for you.. I bless you... You inspire many... I pray for the doggy.. He should get a loving forever home.. Thank you.."
"Viktor Larkhill", 89939,"God Bless you all... Thank you Viktor and his team and the family who adopted him..."
"The Dodo", 89939,"The Man who saved eagles life is the real Hero..."
"The Dodo", 89939,"Great job guys..."
"The Dodo", 89939,"Please save them.. take them out of the shelters... I pray they all get loving forever homes... Please dont take their lives away.. Without any fault of theirs...."
"Jody Hartman / Dog Named Stella", 89939,"Stella.. You are so cute... Best companion...God bless you and your family..."
"SlideShow ForFun", 89939,"Stupid owner...."
"SlideShow ForFun", 89939,"We humans need to learn so much from the animals... Thanks to the people who rescued them.... God bless you...."
"The Dodo", 89939,"Great job.. Thumbs up for you guys..."
"The Dodo", 89939,"True Humans.... God bless you all...."
"The Dodo", 89939,"The dog loves boat rides and hugs also... LOL..."
"SlideShow ForFun", 89939,"A true human being... God bless you..."
"Vet Ranch", 89939,"Thank you very much for your kindness Vet Ranch..."
"Hope For Paws - Official Rescue Channel", 89939,"The foster parents are loving and looking after Spring and her puppies so well.. Thumbs up for you guys.. God bless you all..."
"Hope For Paws - Official Rescue Channel", 89939,"Thank you very much for rescuing Spring and I hope they all get loving forever homes and families.."
"Viktor Larkhill", 89939,"God Bless Viktor and his team and the doggy is so sweet..."
"Viktor Larkhill", 89939,"I pray for Sky.. Oh God... I pray he gets well soon.. and gets a loving forever family... VIKTOR.. and your team... I have no words for you guys.. Only blessings.... God bless you.."
"thedogrescuers", 89939,"Lovely dog... Thank you for rescuing and taking care of the baby..."
"The Dodo", 89939,"Animals always recognize people who love and care for them... Yes.. Adorable otter..."
"The Dodo", 89939,"Oh.. Soo cute... I pray they all get loving forever homes and families... Thank you Dodo..."
"SlideShow ForFun", 89939,"Beautiful..."
"Viktor Larkhill", 89939,"Please save this little pup... Please Viktor... God bless you..."
"The Dodo", 89939,"A Great human...."
"World Animal Awareness Society", 89939,"Thank you for rescuing the innocent puppy.. Tootsie.. I pray you get a loving forever home... Great job guys... God bless you..."
"The Dodo", 89939,"Thank you for rescuing the innocent dogs... Please dont leave the culprits.. without punishment.... I pray they all get loving forever homes and families.."
"The Dodo", 89939,"I Thank the person who rescued this lovely puppy and found a home for him..."
"Michigan Humane Society", 89939,"Whoever has done this doesnt deserve to be on the earth.. Remove him immediately from here. Thank you so much for rescuing innocent dog.. Who is so nice and gentle.."
"Viktor Larkhill", 89939,"I pray God to send more people like you on this planet Earth.. Who spread love and kindness and respect towards every creature.. God bless you Viktor... You inspire many..."
"The Dodo", 89939,"That must be a really good day care... And Hanky loves the place...."
"Hope For Paws - Official Rescue Channel", 89939,"God Bless Hope for Paws..."
"Royal Kennels", 89939,"Cute puppies... So playful... Please dont sell these lovely babies to dog fighters or people who cant treat them as a part of the family... I pray they get lovely families... God bless you.."
"The Dodo", 89939,"The sweetest smile ever...."
"SlideShow ForFun", 89939,"Adorable puppies... Wish a very beautiful life ahead... God bless them...."
"SlideShow ForFun", 89939,"Great people... Great job..."
"Viktor Larkhill", 89939,"OMG... Skye is so beautiful... Viktor you are God in Human form...."
"Viktor Larkhill", 89939,"Thank you.. God bless you.. Long Live.. Viktor... God bless you Kennela..."
"The Dodo", 89939,"Lola... I am so happy for you baby... I thank each and every one.. who helped her in what she is now... I specially thank Lolas mommy.. God bless you..."
"Viktor Larkhill", 89939,"Every life matters..... God bless you Viktor..."
"Viktor Larkhill", 89939,"Viktor... You are an Angel... who is here to save innocent pets and teach kindness to humans.... I pray the cat gets well soon.. God bless you.."
"The Dodo", 89939,"Oh.. I loved him and his Mom too..."
"The Dodo", 89939,"God Bless you all...."
"The Dodo", 89939,"Amazing owner.. Adorable Ziggy..."
"The Dodo", 89939,"You all are Angels and Heroes... the rescuers and the adopters.... You all are God sent to protect the innocent lives... Long Live... God bless you..."
"The Dodo", 89939,"Thank God..."
"Vet Ranch", 89939,"OMG... You completely transformed her.... Enjoy your forever home and family baby... God bless you all..."
"Jody Hartman / Dog Named Stella", 89939,"Soo cute. Enjoy Stella.."
"The Humane Society of the United States", 89939,"Poor little baby.... Thank you for rescuing it...."
"Viktor Larkhill", 89939,"Please save Clara.. her eyes are so beautiful... Thank you Viktor for saving her... I pray she gets well soon and goes into a loving family..."
"The Dodo", 89939,"Definitely.. humans do not deserve dogs.. I thank God and the family who adopted her... God bless you.."
"New York Bully Crew", 89939,"I thank God for NYBC... You guys are Angels on the earth..."
"The Dodo", 89939,"God Bless you all..."
"Viktor Larkhill", 89939,"Viktor.. A miraculous man..."
"The Dodo", 89939,"I love animal lovers.... God bless you..."
"Riot The Red Fox", 89939,"Only Love matters.... God bless you..."
"The Dodo", 89939,"The little girl is so true... God bless..."
"Vet Ranch", 89939,"Thank you guys.. Congrats Dolly... Bless you.."
"The Dodo", 89939,"I have faith in humanity.. because people like you exist... Thank you guys.. God bless.."
"Viktor Larkhill", 89939,"I pray she gets well soon.... Thank you Viktor...."
"Chela Landau", 89939,"OMG... Please update..."
"Viktor Larkhill", 89939,"Viktor... have no words for your work..... Only blessings...."
"The Dodo", 89939,"OMG... You Guys are Angels.... Great job.. God bless... I pray they all get loving forever homes....."
"The Dodo", 89939,"OMG.. he missed his dad a lot.. got so many things to share... Nice video...."
"Viktor Larkhill", 89939,"God.... as Victor Larkhil... On the earth... Thank you..."
"The Dodo", 89939,"I thank the rescuer who also adopted Grace..  Grace you are lucky... God bless you.."
"The Dodo", 89939,"Ban dog meat trading just as Taiwan... Only way to protect these innocent dogs and puppies.."
"The Humane Society of the United States", 89939,"Daniel Hanney... I appreciate you and thank you....."
"The Dodo", 89939,"A gentle loving dog... And the owners are amazing.. I wish them all the best..."
"The Dodo", 89939,"Amazing lady... An Angel... The dogs are in safe hands... Thank God...."
"New York Bully Crew", 89939,"NYBC... I have no words for you.. only blessings.... Craig.. you are God sent... To protect His creation..."
"The Humane Society of the United States", 89939,"Thank you.. BB is in safe hands.. Brenda.. Great job... God bless you.."
"The Dodo", 89939,"Amazing people.. Great job guys.. Thank you for rescuing the innocent dogs and abandoned pets."
"Louie The Beagle", 89939,"So Cute.."
"Stray Rescue of St. Louis", 89939,"The real Heroes... I salute you guys...."
"The Dodo", 89939,"Lovely family... I wanna join you guys... God bless you.... Thank you Dodo.."
"New York Bully Crew", 89939,"Great job NYBC.... Thumbs up for you guys.. God bless you."
"New York Bully Crew", 89939,"Great job.. Hats off NYBC.. God bless.."
"World Animal Awareness Society", 89939,"I pray he gets a loving forever family... Thank you for rescuing an innocent soul..."
"Viktor Larkhill", 89939,"Viktor.. You are walking God on this earth... You inspire many many.... Long Live Viktor.... Blessings..."
"Viktor Larkhill", 89939,"I pray Bongo gets well soon and starts walking again..."
"Viktor Larkhill", 89939,"I believe in Viktor and his team.. God bless.."
"Stray Rescue of St. Louis", 89939,"You are doing a great job.. God bless..."
"The Dodo", 89939,"So cute... God bless..."
"DarkDynastyK9s", 89939,"Beautiful dogs.. Very well trained.. the credit goes to the owner...thumbs up... Why the ears are cropped..."
"The Dodo", 89939,"The cutest..."
"The Dodo", 89939,"OH.. He is soo sweet.. God bless you all..."
"Viktor Larkhill", 89939,"Yes Viktor.. she is a devil Angel... And you  are an Angel... I love the dedication commitment compassion kindness you have towards abandoned and orphaned pets.. ... A true Human.. God bless you.."
"The Dodo", 89939,"I pray the doggy gets a loving forever home and family... Thank you Dodo..."
"WaysideWaifs", 89939,"OH Gladys.. You are a sweet baby... Thank you for rescuing this lovely dog.. I pray she gets a loving forever home.. God bless you.."
"Viktor Larkhill", 89939,"Just prayers and blessings...."
"Stray Rescue of St. Louis", 89939,"I thank Randy and his team and hope the doggy gets a forever home and family...."
"The Dodo", 89939,"Lovely human... Lovely dog..... Thumbs up for you...."
"Jody Hartman / Dog Named Stella", 89939,"Stella you are so cute.."
"Paws Channel", 89939,"Great job by the dog lover.... Bless him..."
"Vet Ranch", 89939,"God Bless Vet Ranch and Petunia...."
"The Dodo", 89939,"I thank the people  So greatful..and admire.. their work.. their unconditional love towards dogs and other abandoned pets.. you people are Angels on this earth.. I wish more and more people like you on this planet Earth.. God bless you..."
"ASPCA", 89939,"Lovely video... So cute they are.. I wish them to be adopted together.. and pray for them.. Lovely reunion.. Thumbs up for the rescuers..."
"Viktor Larkhill", 89939,"What a transformation... You guys are great."
"Viktor Larkhill", 89939,"What a transformation... You guys are great.."
"Viktor Larkhill", 89939,"I am very happy for Sky... God bless Viktor and his team Sky and the family who adopted him...."
"New York Bully Crew", 89939,"Caci.. You are in safe hands... I pray.. she gets a loving forever home... Great job NYBC.. God bless you.."
"National Mill Dog Rescue", 89939,"God Bless you Amos... and Mom and Dad... Great job... Thumbs up for you guys..."
"The Dodo", 89939,"The luckiest.... Having a great Mom and Dad... God bless.."
"The Dodo", 89939,"Great job Piper.. and his Dad.. Thumbs up for you.."
"The Dodo", 89939,"God Bless the boy and the puppy..."
"Vet Ranch", 89939,"God Bless Vet Ranch always... Thank you for rescuing and giving Rosie a second chance....."
"The Dodo", 89939,"Hehe... So cute.."
"The Dodo", 89939,"Rest in peace Dear friend...."
"The Dodo", 89939,"The real Heroes... Thank you for rescuing Callis...."
"The Dodo", 89939,"Thank God.. he is in safe hands... The puppy is adorable...."
"Bound Angels", 89939,"Great job... Thumbs up for you..."
"The Dodo", 89939,"Inhuman... Chaining a dog for ten years... Thank you for rescuing him..."
"The Dodo", 89939,"So cute...."
"The Dodo", 89939,"BRAVO.."
"World Animal Awareness Society", 89939,"God Bless the whole family..."
"Stray Rescue of St. Louis", 89939,"God Bless you..."
"SlideShow ForFun", 89939,"Julia.. You are a lion... only a lion deserves a lion.... Thumbs up for you and your work..."
"SlideShow ForFun", 89939,"Wonderful... Better than human beings.... God bless them..."
"Viktor Larkhill", 89939,"Victor Larkhil.. You are an amazing person... God bless you for saving an angel Sandra... Sweet  gentle giant..."
"Dr. Andy Mathis", 89939,"Dr. Andy Mathis.. I just couldnt stop appreciating you.. I wish all the people on the earth are like you... then there is no animal cruelty... God bless Gracey... She is in best hands... God bless you.."
"PETA (People for the Ethical Treatment of Animals)", 89939,"OMG... Cruel people... This video is  an eye opener...."
"The Dodo", 89939,"A gentle soul... Thank you guys for rescuing him... and giving him a second chance in life.. God bless you..."
"Jody Hartman / Dog Named Stella", 89939,"Stella..you are so sweet... Roadie.. You too.."
"The Dodo", 89939,"An Angel... God bless you..."
"SlideShow ForFun", 89939,"You guys are so great and kind hearted.... Thats why Gumby wants to be with you... Hats off to you...."
"The Dodo", 89939,"Very lovable and kind people... God bless you all .."
"The Dodo", 89939,"Heart touching.... God bless you..."
"Viktor Larkhill", 89939,"Viktor.... Thank you very much.... I was waiting for this since I saw the first video of Sky.... God bless Sky s new family... Viktor and his team...."
"Viktor Larkhill", 89939,"I am with you... Viktor...thank you..."
"The Dodo", 89939,"The vet is an Angel... God bless you.."
"The Dodo", 89939,"Adopt... Dont shop for pets.... That is the only way to teach lesson to the breeders... and providing homes for homeless pets..."
"PETA (People for the Ethical Treatment of Animals)", 89939,"Please stop this circus business with animals..... Please..."
"Hope For Paws - Official Rescue Channel", 89939,"Thank God.... he is home..."
"SlideShow ForFun", 89939,"I pray she gets a loving forever home and family very soon.. God bless.."
"Vet Ranch", 89939,"I thank the vet took care of this innocent puppy... God bless Vet Ranch... for your job..."
"The Dodo", 89939,"The rescuers are Angels in human form... Thank God the puppies and the mother are in safe hands..."
"The Dodo", 89939,"And no human being is as good a friend as these babies are.. God bless you all..."
"Stray Rescue of St. Louis", 89939,"Kind hearted people... God bless you..."
"SlideShow ForFun", 89939,"I pray he gets a loving forever home very soon.. Please save him.."
"SlideShow ForFun", 89939,"OMG... Sweet Bear... I heartfully pray Bear gets a loving forever home and family.... God bless you..."
"The Humane Society of the United States", 89939,"You are making we human beings proud... Thank you for being human... Great work.. God bless...."
"The Dodo", 89939,"God Bless Tupper and Lego..."
"Royal Kennels", 89939,"The way you take care of your dogs and puppies.. It shows.. An amazing human you are .... Amazing puppies... I pray all your puppies get loving forever families.. Where they are treated as part of the family.... not for meaner purposes.. God bless you..."
"The Dodo", 89939,"Cute Rumple... I pray he gets a loving forever home and family... God bless you...."
"The Dodo", 89939,"I pray for Eddie gets well soon and finds lovely forever home and family... God bless..."
"WaysideWaifs", 89939,"Lovely Jake... I pray for a foster fail..."
"The Dodo", 89939,"Great Guy... Great job... God bless you..."
"ASPCA", 89939,"I heartfully pray.. all the puppies get lovely forever homes and families... God bless ASPCA.."
"The Dodo", 89939,"Unconditional love..."
"Stray Rescue of St. Louis", 89939,"God Bless the rescuers... I pray Asher gets a lovely forever home and family.... Thumbs up guys..."
"The Dodo", 89939,"Thank you Angels...."
"The Dodo", 89939,"I loved the ferret..."
"Vet Ranch", 89939,"God Bless you Vet Ranch for your kindness and great work.."
"Vet Ranch", 89939,"Thank you Dr Lee.."
"PETA (People for the Ethical Treatment of Animals)", 89939,"OMG.. Poor creature.. Please save it... Dont spare the human...."
"The Dodo", 89939,"Lovely.."
"ASPCA", 89939,"Blue is a beautiful and loving dog... I pray he gets a loving forever home with loving family.."
"The Dodo", 89939,"God Bless them all..."
"The Dodo", 89939,"I thank the rescuers the vet and  his new family... God bless you all.."
"The Dodo", 89939,"OMG... Lily bug.. You are too sweet.... God bless you..."
"Stray Rescue of St. Louis", 89939,"Randy... God bless you.."
"Hope For Paws - Official Rescue Channel", 89939,"I wish all the best for... Hope for Paws.. Great job.. I pray... the dogs and the puppies get a very loving forever homes and families... God bless you..."
"The Dodo", 89939,"I thank the rescuers and the adopters who gave her a second chance... Thank you... God bless..."
"The Dodo", 89939,"Poor babies... I pray they enjoy their lives with happiness and freedom and beautiful loving forever homes.. Thank you for rescuing the innocent creatures and bringing out the truth about cruelty testing.."
"Viktor Larkhill", 89939,"OMG.. I pray the doggies get well soon and finds lovely forever homes.... Viktor you are an inspiration to many... God bless you.."
"ASPCA", 89939,"I wish he gets a loving forever home.. God bless.."
"The Dodo", 89939,"Guys with Great heart..... God bless....."
"The Dodo", 89939,"Sweet Smudge.... I enjoyed..."
"Viktor Larkhill", 89939,"Skye and Viktor... Wish you all success.... God bless you.."
"The Dodo", 89939,"Wonderful human... Gracey is so comfortable with him... I think shell be very happy with you... Please adopt her.... God bless you.."
"New York Bully Crew", 89939,"Thanks and blessings to Craig... Each and every one of NYBC... I appreciate the dedication love compassion and commitment you have towards your work..."
"The Dodo", 89939,"OMG... They are so intelligent... LOL.."
"Viktor Larkhill", 89939,"The dog is so beautiful... I pray he goes into a lovely forever home.... Thank you Victor.."
"Viktor Larkhill", 89939,"Thank you Victor.. Your dedication towards job is great.. God bless you.. God always be with you.."
"The Dodo", 89939,"They are so beautiful... I pray both of them get adopted and get lovely forever homes and families... Very soon..."
"Stray Rescue of St. Louis", 89939,"Thank you very much Stray Rescue.... God bless you... May God always be with you...."
"The Dodo", 89939,"God Bless you.."
"Royal Kennels", 89939,"Please take them out of those small cages... Get a loving forever homes for these sweet puppies.. Dont give them to the dog fighters or any.... who can not give them love.... God bless you.."
"Viktor Larkhill", 89939,"Little poor boy.. In so much pain... Pl God save him.."
"New York Bully Crew", 89939,"NYBC... You are the Heroes... Inspiration to many..... God bless you..."
"ASPCA", 89939,"I wish Murray gets a sweet forever home... Bless you.."
"The Dodo", 89939,"The dog is in safe hands... God bless you.."
"The Dodo", 89939,"So beautiful...."
"Viktor Larkhill", 89939,"God Bless Viktor and his team... Please update....."
"Viktor Larkhill", 89939,"Viktor.. Its all you and your teams dedication and hard work.. Which shows... God bless you... Betsy is lovely....."
"Viktor Larkhill", 89939,"OMG.. Who is chasing whom..."
"The Dodo", 89939,"Great job... Thumbs up.."
"Viktor Larkhill", 89939,"Great job Viktor... God bless you.."
"The Dodo", 89939,"I pray they get a loving forever home and family together..... Thank you for rescuing the innocent souls...."
"The Dodo", 89939,"God Bless you Both.. Merry Christmas..."
"The Dodo", 89939,"Wonderful.... Thank you Dodo..."
"The Dodo", 89939,"Please dont blame the breed... Owners should be blamed.... The dogs are what their owners make.... God bless you...."
"The Dodo", 89939,"All Smiles... God bless."
"The Dodo", 89939,"I thank you all.. God bless you all.."
"The Humane Society of the United States", 89939,"God Bless you all..."
"World Animal Awareness Society", 89939,"Great job.. Thumbs up for you..."
"The Dodo", 89939,"Thanks for his foster parents... Winston is in safe hands..."
"WaysideWaifs", 89939,"A gentle loving intelligent Lucy... You are a sweet baby... I pray and wish heartfully... You get a loving forever home and family... God bless you.."
"WaysideWaifs", 89939,"Please update the video..."
"The Dodo", 89939,"LOL.... God bless.."
"Viktor Larkhill", 89939,"OMG.. Who did this to the innocent doggy.. Is he a human or demon?? Definitely not a human being... Viktor.. You are an Angel.. In your hands she is going to be OK... I pray for the Sky.. I wish she gets well soon.. God bless you..."
"The Dodo", 89939,"World is this beautiful.. Because.. People like you exist... Thank you.."
"Viktor Larkhill", 89939,"Now Skye is so much better.. Thank you Viktor and your team.. You are amazing people.. God bless you all.."
"Viktor Larkhill", 89939,"I have no words... God bless Viktor and his team..."
"Hope For Paws - Official Rescue Channel", 89939,"God Bless you all...."
"National Mill Dog Rescue", 89939,"Only tears.. and blessings.. RIP BABY IRIS... YOU WON... HUMANITY LOST..."
"World Animal Awareness Society", 89939,"All the puppies are in safest hands... with best family.. God bless you all.... Great job guys... Thumbs up for you..."
"Stray Rescue of St. Louis", 89939,"Great job guys.... I wish she finds a forever home and family..."
"The Dodo", 89939,"Thumbs up for you guys.... I wish the dog gets a loving forever home..."
"The Dodo", 89939,"THE ANGELS..... GOD SENT..."
"Royal Kennels", 89939,"Give them.. Only to loving owners... who can make them a part of their family... Not use them for meaner purposes... God bless.."
"Royal Kennels", 89939,"Emma and her puppies...adorable Awesome.....  I can see your love and care for them... God bless you.."
"Viktor Larkhill", 89939,"RIP Roxy.... I thank Viktor and his team for they their best to save Roxy....."
"The Dodo", 89939,"The Guy is God...."
"Viktor Larkhill", 89939,"Merry Christmas Sky Viktor and his team.... God bless you..."
"The Dodo", 89939,"Amazing... I support Him... End BSL...."
"The Dodo", 89939,"Thank God.. Iris is in safe hands..."
"Viktor Larkhill", 89939,"Sky... You are going to be OK... because you are with Viktor... God bless you.."
"The Dodo", 89939,"Great job....."
"Viktor Larkhill", 89939,"Viktor and his team.. True Heroes.."
"The Dodo", 89939,"Soo sweet baby... God bless you"
"Vet Ranch", 89939,"Thank you Vet Ranch... Great job... God bless..."
"Viktor Larkhill", 89939,"Luna.. I pray you get well soon.. God bless you..I Thank Viktor and his team..."
"The Dodo", 89939,"Bobby.... You will be OK... I am praying for you... You shall get a loving forever home... Yes.. My belief..."
"Viktor Larkhill", 89939,"OMG... Who did this to the innocent doggy.... Thank you.. God bless you..."
"The Dodo", 89939,"Why hunting.... Heartless people... Thank you Lady for saving a life... Wish and pray the earth had more people like her...."
"The Dodo", 89939,"LOL..."
"The Dodo", 89939,"The dogs Mom is an Angel... God bless you...."
"The Dodo", 89939,"Please stop BSL... There are bad owners.. Not bad dogs...Dogs are what they are made...."
"The Dodo", 89939,"Please update..."
"The Dodo", 89939,"I pray the dog heals soon and gets a loving forever family.. God bless the dog... Thank you for rescuing the baby.. And giving him a second chance.... God bless you.."
"The Dodo", 89939,"God Bless Sassy and his family... Thumbs up for you guys..."
"The Dodo", 89939,"Keep petting puppy... Hahaha...."
"World Animal Awareness Society", 89939,"Thank you for the update..."
"World Animal Awareness Society", 89939,"You are an Angel... Thank you for rescuing Maxine... Beautiful puppy... I wish Earth had many people like you... God bless you...."
"The Dodo", 89939,"Heart touching... Mama and puppies are so cute... They are in safe hands... Thank God."
"The Dodo", 89939,"Thanks God... Thank you...."
"World Animal Awareness Society", 89939,"They are so innocent loving... Thank God they all are in safe hands..."
"Viktor Larkhill", 89939,"You guys are Angels on the earth..."
"WaysideWaifs", 89939,"All the best Vega... Wish you good luck...."
"New York Bully Crew", 89939,"Keep it up.. NYBC... God bless.."
"The Dodo", 89939,"Amazing.. Both the Dog and the Dad... Thumbs up..."
"Viktor Larkhill", 89939,"OMG... Viktor.. All those lovely beings need you.. We love your videos... You are an Angel on the earth.. God bless you and your team..."
"New York Bully Crew", 89939,"You Guys are amazing.... Thumbs up NYBC.."
"Viktor Larkhill", 89939,"Viktor.. An Angel on earth... Hows Skype..."
"Viktor Larkhill", 89939,"Viktor hats off to you the vet and Skye.... God bless you.."
"Hope For Paws - Official Rescue Channel", 89939,"Thank you guys..... God bless you... I pray Gershwin gets a loving forever home and family very soon...."
"Soi Dog Foundation", 89939,"You guys are Angels.. literally... You brought so much transformation.. Puppy is now so healthy and playful God bless everyone who helped him to be like this..."
"Viktor Larkhill", 89939,"RIP Tin Tin... Run free baby.."
"ASPCA", 89939,"I pray he gets a loving forever home very soon.."
"The Dodo", 89939,"Pets are what the owners make them... Please check the owners before implementing BSL..."
"Hope For Paws - Official Rescue Channel", 89939,"I pray Sylvester and Speedy get a loving forever home together....."
"The Dodo", 89939,"An amazing Lady... With kind heart... God bless you..."
"SlideShow ForFun", 89939,"They are so sweet and gentle.... I thank the Lady who rescued them and the family who adopted them and gave them a second chance in life.. God bless you..."
"World Animal Awareness Society", 89939,"Amazing people... God bless you.."
"The Dodo", 89939,"God Bless the puppies..."
"The Dodo", 89939,"Love you All.... Thank you very much...."
"Vet Ranch", 89939,"Poor puppy.. Thank you for saving him...."
"The Dodo", 89939,"BRAVO...."
"Soi Dog Foundation", 89939,"You are Angels... I wish she gets a lovely forever home... God bless you.."
"The Dodo", 89939,"This guy is from Heaven... a very kind hearted person.... God bless you.."
"Viktor Larkhill", 89939,"I salute Viktor and his team... God bless you.."
"Hope For Paws - Official Rescue Channel", 89939,"Beautiful dog... Thank you for rescuing Pumba...I Pray he gets a loving forever home soon..."
"The Dodo", 89939,"LOL.."
"The Dodo", 89939,"True Hero..."
"Brave Wilderness", 90697,"his beard grew back yay!"
"SlideShow ForFun", 91091,"k cmon are u serious?? That face at 47 seconds just made me tear up. What a precious sweetie! ğŸ˜  I hope Smokey and Mr. Elephant find a great new home! ğŸ¡"
"SlideShow ForFun", 91091,"aw...I luv happy endings! ğŸ˜¢ğŸ˜¢ğŸ˜¢...â¤"
"The Dodo", 91091,"Uh love horses; theyre so beautiful and majestic. ğŸ...Glad shes safe. ğŸ˜Š"
"The Dodo", 91091,"Gosh at 0:57 You can see the fear. Wow poor baby. ğŸ˜¢"
"Cole & Marmalade", 91091,"aw....well he aint nuthing but a cutie baby!ğŸ˜ğŸ˜ğŸ˜"
"TCTV", 91113,"tha cÃ¡ Ä‘Ã³i vÃ´ cÃ¢u"
"Taylor Nicole Dean", 91209,"Please call one of the snakes Solomon!"
"Kitten Academy", 91533,"Awww so cute adorable kittens so cute congrats angel"
"Brave Wilderness", 92780,"She can be my sloth mom"
"Brave Wilderness", 92886,"haha been watching this guy for a while =) super hillarious!"
"Talking Kitty Cat", 94999,"Steve you are stupid. I bet you dont know anything about black cats. You shouldnt have bought Sylvester in the first place because black cats are UNLUCKY."
"Talking Kitty Cat", 94999,"Lol how he said **** off"
"Robin Seplut", 96113,"They are sooooooo cute"
"Robin Seplut", 96113,"I just want to hug all of them"
"Taylor Nicole Dean", 96113,"Getting your ears pierced are the worst. But lucky for me I got my ear pierced when I was a baby"
"Brave Wilderness", 96113,"You cut it the wrong way. If you cut the right way it would be easier to get a big chunk of the durian"
"Brave Wilderness", 96113,"In the Muslim culture people love to eat durianâ¤ï¸"
"Kamp Kenan", 96244,"what about Gamera!!!"
"Big Cat Rescue", 97097,"cute cuple"
"Big Cat Rescue", 97097,"nooooooooooooooooooooooooooooooooooooooooooooooooooooooooooooooooooooooooooooooooooooooooooooooooooooooooooooooooooooooooooooooooooooooooooooooooooooooooooooooooooooooooooooooooooooooooooooooooooooooooooooooooooooooooooooooooooooooooooo"
"Big Cat Rescue", 97097,"big cat rescue i have a quisten how oold are max and aspen"
"Zak Georges Dog Training rEvolution", 97512,"https://youtu.be/_4--NVrGWkU"
"Brave Wilderness", 98075,"Get stung by a hornet plz"
"Vet Ranch", 98133,"Rip dogos dick rip doggos manhood"
"Gohan The Husky", 98398,"Theres just a bed in the middle the entrance"
"foxalbiazul", 98398,"You take the strawYou get the paw"
"Brave Wilderness", 98440,"Coyote I own your book because I met your mom a few days from my birthday. My mom decided to get the book for my birthday."
"Brave Wilderness", 98765,"Helli"
"Top-5 Top-10", 99253,"from Sweden"
"Brave Wilderness", 99855,"Usually click bait pissis me of but this is fine"
"Talking Kitty Cat", 100240,"are you retarded Sylvester"
"CelebrityHauteSpot", 100662,"My favorite parts were when 1) Lisa spoke in Russian and 2) Dani spoke really good Spanish."
"CelebrityHauteSpot", 100662,"If I can actually win this (somehow......) I would be so thrilled!"
"Catman Outdoors", 100887,"Love your videos man I wanna go on a hunt with you now ğŸ˜‚ but nice buck man"
"Mr. Max T.V.", 101352,"1 st comment!!! I love seeing mr max he acts like Hesse still a baby!!! I love him since Im getting a cockatoo for myself I love these vids!!"
"LPE360", 101723,"7:56 hilarious but fucked up at the same time."
"Brave Wilderness", 102287,"When rhett and link did this this didnt happen"
"Brian Barczyk", 102287,"What species is bella??"
"Grupero Pegassero Inmortal", 102649,"megustan  mucho estas canciones  merecurdan mucho  amis nobias que tube asemuchos  aÃ±os"
"Brave Wilderness", 103326,"æ¯å›ã€æœ¬å½“ã™ã”ã„ã­ğŸ˜±"
"Talking Kitty Cat", 103498,"Isnt Sylvester spayed?"
"Brave Wilderness", 103527,"I like dinosaurs"
"Brave Wilderness", 103626,"*Next video:* Stung by a .50 caliber!"
"Brave Wilderness", 103626,"Send newts"
"Hope For Paws - Official Rescue Channel", 103626,"You guys are amazing i love you guys"
"Brave Wilderness", 103626,"Thats a danger noodle"
"Brave Wilderness", 103626,"Get bitten by a desert eagle"
"Brave Wilderness", 104018,"How da f*ck is he still alive?"
"DailyBigCat", 104598,"i just suggested cz u guys care about the name of the tigers like in case of kiesha and tiesha i hope u dont mind my suggestion"
"DailyBigCat", 104598,"hey guys if its a indian name like priya and seth then charaka needs to be start with cha as in chase or chipotle not with sha then rest rak like ruk as u pronounce luck no need to add extra a in the end it and stretch the name its only charak that a in the end is unnecessary"
"Cole & Marmalade", 104598,"I love ur videos n i know that u are a person who is doing alot to help animals but still u dont have the right to interfere with nature. like all natural process reproduction is also essential and evolving for them just because we love specific kind of animals and started giving them shelter that is the only way for their sustainance before our interference cats and dogs were living on their own in nature. Whats wrong is government and society to think that a particular land belongs to them n if animals want to live on that space they have to live according to our rules. You can never even think about a rule to stop a poor or weak human from reproduction bt this is so ok to spay n neuter animals"
"ê¼¬ë¶€ê¸°ì•„ë¹  My Pet Diary", 104939,"í˜¹ì‹œ ì œí’ˆëª… ì•Œë ¤ì£¼ì‹¤ ìˆ˜ ìˆë‚˜ìš”? ë„˜ ê·€ì—¬ì›Œìš”ğŸ˜»"
"Brave Wilderness", 105014,"Make a carnivous sea flea plzzzz..."
"Brave Wilderness", 105984,"so i guess its a vertebrate?"
"PETA (People for the Ethical Treatment of Animals)", 105984,"Im crying so bad ğŸ˜¢ğŸ˜¢ğŸ˜¢"
"Hope For Paws - Official Rescue Channel", 106885,"I always skip to the end to see the happy parts :)"
"Hope For Paws - Official Rescue Channel", 106885,"WELL FREAKIN DONE! YAYAY"
"Hope For Paws - Official Rescue Channel", 106885,"Omg I love you guys so much!"
"Kitten Academy", 106885,"Naww"
"Zak Georges Dog Training rEvolution", 107095,"My dog is a Chihuahua mixed with a weiner dog hes so ğŸ’cuteğŸ’"
"Taylor Nicole Dean", 107692,"I also live in texas and see this"
"Taylor Nicole Dean", 107692,"you should get hermit crabs"
"foxalbiazul", 107975,"Hahahah Cute :D"
"MonkeyBoo", 107975,"a monkey pet that amaizing nice :d"
"foxalbiazul", 107975,"He has on 15 April and ronron on 16 April"
"Hope For Paws - Official Rescue Channel", 108221,"First"
"Hope For Paws - Official Rescue Channel", 108221,"That trap was a piece of crap it closed fast enough but failed to latch you should invest in some better ones.Â  Great video though thanks for all your hard work."
"Hope For Paws - Official Rescue Channel", 108221,"Must have been someones pet at one time.Â  Still it is impressive how well Loretta can make animals feel so comfortable.Â  Lucky animals."
"ViralHog", 108221,"Stupid indian moron youÂ should have smashed him in between the guard rail till there was nothing left."
"LPE360", 108221,"Seriously is there anything Russians can do right?"
"ViralBe", 109403,"Rottweiler wins every time. Fuck pit bulls they shouldnâ€™t be allowed as pets"
"Gardea23", 109403,"Youâ€™re dogs are beautiful. I have a Siberian Huskie who seems to be moulting. It doesnâ€™t seem to bother him to much I just wondered if this is normal and how often it happens. His fur is coming out in lumps but doesnâ€™t leave bald patches as he has new fur underneath please can someone let me know if this is normal."
"Paws Channel", 109403,"I love this video good on the bull terrier and the owner for not taking shit. Pit bulls are the most vicious dogs and should be muzzled. Just check the dog attack stats."
"Coon Creek Outdoors", 110135,"Why were coon or possum skins ever worth anything for last hundred years? Whats driving the prices?"
"Brian Barczyk", 110142,"your dog is cute and i wish she/he dose not die :("
"StormyRabbits", 110217,"Ice cream"
"Brave Wilderness", 110729,"The backdrop for lost?"
"Brave Wilderness", 110729,"Its mr crabs ğŸ¦€"
"Brave Wilderness", 110729,"Ive been waiting for this for over a year"
"Brave Wilderness", 110729,"Holy shitard nation"
"Zak Georges Dog Training rEvolution", 110860,"Thanks Zak for all of your videos! My fiancÃ© and I just got a puppy for my birthday and shes very energetic and loves to nibble. Im so glad I stumbled across your videos. I cant wait to start working on training. Besides turkey what other treats do you suggest? I have a golden retriever and she seems to have too small of a mouth to eat/ chew many treats currently."
"Paws Channel", 111451,"I love dogs they are amazing"
"Rogan Shannon", 112133,"It seems to me that the history of writing is often romanticized.  The four places in history that developed writing systems were due to having actual needs - agriculture for growing communities required more brain power than individuals could muster.  They needed to offload their past learning into written documents.  This way new people can learn what to do without bugging the few people already know effectively creating government ordinances.  Seeing the power of communicating across distances some people borrowed the governments writing system and tailored it for their own purposes.  The most effective motivator for learning to read and write has always been a government requiring someone to understand a writing system under punishment of losing money.I believe writing to be useful as an alternate rendering of ideas.  Yes ASL videos capture your meaning accurately for someone who knows ASL.  It has a lot of nuance that culturally literate people may notice.  But the closed captions are there to eliminate the nuances.  You use standard spelling and proper grammar so others can look up your meaning even if they are not culturally literate English speakers.If you had published your captions in a blog post people can actually read four times faster than your speech / signing.  I could skim the paragraphs of the blog post quickly looking for something that is relevant to me.  It can be indexed by Google or I can just use the Find feature in my browser for particular words.  It can be automatically (though poorly) translated into hundreds of other languages.  I can print it out and highlight parts of it for review later.  Dictionary writers encyclopedias magazines books newspapers etc. can use your blog post as source material.ASLWrite or Si5s could realize these kind benefits.  My personal take is that an alphabet is better than picture writing because it doubles as an index.  I created the ASLSJ writing system because I wanted to use ASL words in my computer programs.  It only uses the alphabets letters so I could upload the closed captions for your video in ASLSJ today.Your video starts with the ASL word hello.  In English each letter of a word phonetically tells you how to move your lips tongue and throat to pronounce the word.  In ASLSJ the word bepo-r phonetically tells you to put your open-B handshape (the first two letters - be) in front of your chin (the next letter - p) with the palm turned out (next letter - o) then move the hand to the right (-r).  bepo-r is an ASL idea.  It does not require translation into English and it does not require an artists painting like ASLWrite or Si5s.  Now I can create a dictionary to hold that word and thousands more.  Unfortunately it wouldnt help because nobody would want to read it - so were back to square one."
"Brave Wilderness", 114368,"so cute"
"Brave Wilderness", 114368,"sorry for the turtleï¼Œhe cant clean the bird poop on his own"
"The Dodo", 114567,"Omg! Poor thing... ğŸ™"
"Brave Wilderness", 114706,"3:28 I so badly wanted him to say Its everyday bro"
"Brave Wilderness", 114706,"He spotted a kabuto!!!"
"Brave Wilderness", 114706,"Imagine that crawling on your shoulder"
"Brave Wilderness", 114706,"So youre in Ohio Ive got a suggestion sting Jake Paul with the bug!"
"Brave Wilderness", 114706,"Imagine tripping and falling on that cloth"
"The Dodo", 115858,"Thatâ€™s really thoutful"
"Mark Day", 116384,"Wow. This is killer! Thanks for putting it together."
"Knowledge Feed", 117079,"Nukes"
"Brave Wilderness", 117404,"If he gets shanked in the heart by a sting ray to Ima cry"
"Brave Wilderness", 117404,"Jeasus the pattern on the snake made me thin you got bit but it was the tail16:17"
"Brave Wilderness", 117404,"Nice meme"
"Brave Wilderness", 117404,"Mark wins"
"Brave Wilderness", 117404,"Well I just crossed coyote doing saltbae off my bucket list"
"RedLeopardVideos", 118219,"noticed you said heavy bowgun with light on the screen and light bowgun when heavy was on screen not sayin you did a bad job just making an observasion. Keep doin what you do"
"Gohan The Husky", 118459,"#happy bday Gohan"
"prehistoricpetstv", 118528,"I watched the video mostly because I thought it would show the coat being bitten to demonstrate its puncture resistance to snake fangs/teeth"
"Brave Wilderness", 119057,"Please come to the Missouri Ozarks!"
"The Dodo", 119057,"Those puppies are black dad got cucked"
"Kyle Naegeli", 119057,"Nidhoggr"
"Talking Kitty Cat", 119212,"early yay"
"meow meow", 119212,"Rabbit kicks are only cute  if they dont use claws"
"Taylor Nicole Dean", 119212,"I love snakes"
"LPE360", 119415,"I had an asthma attack on 0:10"
"Steve Arra", 119885,"Short show...LLLLLLLOOOOOOOOOOOONNNNNNNNNGGGGGG finale."
"Alex Dauterive", 120592,"à¸à¸¹à¸‚à¸³à¸«à¸™à¹‰à¸²à¸à¸£à¸±à¹ˆà¸‡à¸•à¸­à¸™à¸¡à¸±à¸™à¸Ÿà¸±à¸‡.ğŸ˜‚"
"Brave Wilderness", 121172,"I guess this adds to the list of pinches and stings"
"Brave Wilderness", 121172,"How do u survive being stung by deadly things... r u Jesus"
"Brave Wilderness", 121172,"U r gonna die bro. Gotta stop this biting stuff"
"Brave Wilderness", 121172,"Did I anybody else think of waffles while watching this"
"Brave Wilderness", 121172,"Looks just like the set from gta v"
"Brave Wilderness", 121172,"Killing it as soon as I c it"
"Brave Wilderness", 121172,"I love how coyote doesnt even asked for likes and he gets up to 300k"
"Brave Wilderness", 121172,"A herpetologist sounds like someone who studies herpes Im serious Coyote"
"Brave Wilderness", 121172,"But wut if the sea star loses all its limbs"
"Brave Wilderness", 121172,"Lol ğŸ˜‚"
"Brave Wilderness", 121172,"3:06 she will jerk on you a lot and swing you around a little bit he said tht for the dirty ppl out there watching"
"Brave Wilderness", 121172,"How r u hype about a  tree"
"Brian Barczyk", 121948,"Love your videos"
"Brian Barczyk", 121948,"Brian you are my  favourite youtuber and Ive been watching you channel for 7 days ğŸ–’ğŸ–’ğŸ–’"
