,term,tf-idf score
0,1,0.0
1,1603,0.4848793794799209
2,2,0.0
3,3,0.0
4,abhorred,0.0
5,abide,0.0
6,abiure,0.0
7,aboue,0.0
8,abound,0.0
9,abroad,0.0
10,absence,0.0
11,absent,0.0
12,absolute,0.0
13,abuse,0.0
14,accent,0.0
15,accesse,0.0
16,accompany,0.0
17,accompt,0.0
18,according,0.0
19,account,0.0
20,accounted,0.0
21,accurs,0.0
22,accursed,0.0
23,accust,0.0
24,accustom,0.0
25,acheron,0.0
26,acquaint,0.0
27,act,0.0
28,acted,0.0
29,acting,0.0
30,action,0.0
31,actuall,0.0
32,actus,0.0
33,addage,0.0
34,adde,0.0
35,added,0.0
36,adder,0.0
37,addition,0.0
38,addrest,0.0
39,adhere,0.0
40,adieu,0.0
41,admir,0.0
42,aduance,0.0
43,aduantage,0.0
44,aduice,0.0
45,aduise,0.0
46,afeard,0.0
47,affaire,0.0
48,affear,0.0
49,affection,0.0
50,affliction,0.0
51,affraid,0.0
52,afraid,0.0
53,afternoone,0.0
54,afterwards,0.0
55,againe,0.0
56,age,0.0
57,agent,0.0
58,agitation,0.0
59,ague,0.0
60,aid,0.0
61,ala,0.0
62,alack,0.0
63,alarme,0.0
64,alarum,0.0
65,aleppo,0.0
66,alike,0.0
67,aliue,0.0
68,allegeance,0.0
69,almost,0.0
70,alone,0.0
71,alowd,0.0
72,alreadie,0.0
73,already,0.0
74,also,0.0
75,alter,0.0
76,altogether,0.0
77,alwayes,0.0
78,amaz,0.0
79,amazedly,0.0
80,amazement,0.0
81,ambition,0.0
82,amen,0.0
83,amend,0.0
84,amends,0.0
85,amisse,0.0
86,among,0.0
87,ang,0.0
88,angel,0.0
89,angell,0.0
90,anger,0.0
91,angerly,0.0
92,angry,0.0
93,angus,0.0
94,annoyance,0.0
95,anon,0.0
96,another,0.0
97,anoynted,0.0
98,answer,0.0
99,anthony,0.0
100,anticipat,0.0
101,antidote,0.0
102,antique,0.0
103,apace,0.0
104,apart,0.0
105,appall,0.0
106,appalls,0.0
107,appar,0.0
108,apparation,0.0
109,apparition,0.0
110,appeare,0.0
111,appeares,0.0
112,appease,0.0
113,appetite,0.0
114,applaud,0.0
115,apply,0.0
116,appoint,0.0
117,approach,0.0
118,approch,0.0
119,approches,0.0
120,approue,0.0
121,arabia,0.0
122,arbitrate,0.0
123,argument,0.0
124,aright,0.0
125,arm,0.0
126,arme,0.0
127,armed,0.0
128,armes,0.0
129,armor,0.0
130,armour,0.0
131,army,0.0
132,aroynt,0.0
133,arriu,0.0
134,art,0.0
135,artificiall,0.0
136,aside,0.0
137,ask,0.0
138,aske,0.0
139,asleepe,0.0
140,assaileable,0.0
141,assassination,0.0
142,assault,0.0
143,assay,0.0
144,assistance,0.0
145,assisted,0.0
146,assurance,0.0
147,attempt,0.0
148,attend,0.0
149,attendant,0.0
150,attyre,0.0
151,auant,0.0
152,auarice,0.0
153,auaricious,0.0
154,audit,0.0
155,aught,0.0
156,augment,0.0
157,augure,0.0
158,augures,0.0
159,auoid,0.0
160,auouch,0.0
161,auouches,0.0
162,auoyded,0.0
163,authoriz,0.0
164,awak,0.0
165,awake,0.0
166,away,0.0
167,ayd,0.0
168,ayde,0.0
169,aye,0.0
170,ayme,0.0
171,ayre,0.0
172,babe,0.0
173,baboones,0.0
174,baby,0.0
175,back,0.0
176,backe,0.0
177,backward,0.0
178,bad,0.0
179,badg,0.0
180,baited,0.0
181,bake,0.0
182,balles,0.0
183,balme,0.0
184,bals,0.0
185,ban,0.0
186,bane,0.0
187,banish,0.0
188,banke,0.0
189,banner,0.0
190,banq,0.0
191,banquet,0.0
192,banquo,0.0
193,banquoh,0.0
194,bare,0.0
195,barke,0.0
196,barlet,0.0
197,barren,0.0
198,basis,0.0
199,bat,0.0
200,bath,0.0
201,bathe,0.0
202,battaile,0.0
203,battell,0.0
204,batter,0.0
205,battlement,0.0
206,bear,0.0
207,beard,0.0
208,beare,0.0
209,beares,0.0
210,beast,0.0
211,beate,0.0
212,beaten,0.0
213,beauteous,0.0
214,became,0.0
215,become,0.0
216,becoming,0.0
217,bed,0.0
218,bee,0.0
219,beene,0.0
220,beest,0.0
221,beetle,0.0
222,befor,0.0
223,began,0.0
224,begge,0.0
225,begger,0.0
226,begin,0.0
227,beguile,0.0
228,begun,0.0
229,behinde,0.0
230,behold,0.0
231,beldam,0.0
232,beleefe,0.0
233,beleeu,0.0
234,beleeue,0.0
235,bell,0.0
236,bellona,0.0
237,belt,0.0
238,belzebub,0.0
239,bend,0.0
240,bene,0.0
241,beneath,0.0
242,benediction,0.0
243,benefit,0.0
244,bent,0.0
245,benyson,0.0
246,beside,0.0
247,besides,0.0
248,best,0.0
249,bestow,0.0
250,bestowes,0.0
251,bestride,0.0
252,betimes,0.0
253,betray,0.0
254,better,0.0
255,betweene,0.0
256,beware,0.0
257,beyond,0.0
258,bid,0.0
259,bidding,0.0
260,bides,0.0
261,bill,0.0
262,bin,0.0
263,binde,0.0
264,bird,0.0
265,birnan,0.0
266,birnane,0.0
267,birth,0.0
268,birthdome,0.0
269,black,0.0
270,blacke,0.0
271,blade,0.0
272,bladed,0.0
273,blame,0.0
274,blanch,0.0
275,blanket,0.0
276,blaspheme,0.0
277,blaspheming,0.0
278,blast,0.0
279,blasted,0.0
280,bleed,0.0
281,bleeding,0.0
282,bleeds,0.0
283,blesse,0.0
284,blessed,0.0
285,blessing,0.0
286,blinde,0.0
287,blister,0.0
288,blood,0.0
289,bloodie,0.0
290,bloodier,0.0
291,bloody,0.0
292,blow,0.0
293,blowes,0.0
294,blown,0.0
295,blowne,0.0
296,blunt,0.0
297,boadments,0.0
298,boasting,0.0
299,body,0.0
300,bold,0.0
301,bolter,0.0
302,bond,0.0
303,bone,0.0
304,bonelesse,0.0
305,bonfire,0.0
306,booke,0.0
307,boot,0.0
308,bore,0.0
309,borne,0.0
310,borrowed,0.0
311,borrower,0.0
312,bosome,0.0
313,bosomes,0.0
314,botch,0.0
315,bottome,0.0
316,boue,0.0
317,bough,0.0
318,boughes,0.0
319,bought,0.0
320,bound,0.0
321,boundlesse,0.0
322,bounteous,0.0
323,bounty,0.0
324,bow,0.0
325,boy,0.0
326,boyle,0.0
327,brag,0.0
328,braggart,0.0
329,braine,0.0
330,braines,0.0
331,brandish,0.0
332,brandisht,0.0
333,braue,0.0
334,brauely,0.0
335,breach,0.0
336,breake,0.0
337,breath,0.0
338,breech,0.0
339,breed,0.0
340,breefe,0.0
341,brest,0.0
342,brew,0.0
343,bridegroome,0.0
344,briefely,0.0
345,bright,0.0
346,brightest,0.0
347,brinded,0.0
348,bring,0.0
349,brings,0.0
350,broad,0.0
351,broke,0.0
352,broth,0.0
353,brother,0.0
354,brought,0.0
355,brow,0.0
356,browes,0.0
357,broyle,0.0
358,bruited,0.0
359,bubble,0.0
360,buckle,0.0
361,buffet,0.0
362,building,0.0
363,built,0.0
364,buriall,0.0
365,buried,0.0
366,burley,0.0
367,burne,0.0
368,burnt,0.0
369,bury,0.0
370,businesse,0.0
371,butcher,0.0
372,buttrice,0.0
373,buy,0.0
374,byrnam,0.0
375,byrnan,0.0
376,byrnane,0.0
377,byth,0.0
378,c,0.0
379,cabin,0.0
380,caesar,0.0
381,caldron,0.0
382,call,0.0
383,calling,0.0
384,cam,0.0
385,came,0.0
386,cancell,0.0
387,candle,0.0
388,cannon,0.0
389,cannot,0.0
390,canst,0.0
391,cap,0.0
392,capitall,0.0
393,captaine,0.0
394,captaines,0.0
395,captiuitie,0.0
396,card,0.0
397,care,0.0
398,carelesse,0.0
399,carowsing,0.0
400,carried,0.0
401,carry,0.0
402,caru,0.0
403,case,0.0
404,casing,0.0
405,cast,0.0
406,castle,0.0
407,cat,0.0
408,catalogue,0.0
409,catch,0.0
410,cath,0.0
411,cathnes,0.0
412,cauldron,0.0
413,cause,0.0
414,caution,0.0
415,cawdor,0.0
416,cawdron,0.0
417,cease,0.0
418,celebrates,0.0
419,censure,0.0
420,centinell,0.0
421,ceremony,0.0
422,certaine,0.0
423,cesterne,0.0
424,chafe,0.0
425,challenge,0.0
426,challice,0.0
427,chamber,0.0
428,chamberlaines,0.0
429,champion,0.0
430,chanc,0.0
431,chance,0.0
432,charg,0.0
433,charge,0.0
434,charme,0.0
435,charmed,0.0
436,charmes,0.0
437,charnell,0.0
438,chastise,0.0
439,chawdron,0.0
440,cheapely,0.0
441,check,0.0
442,cheefest,0.0
443,cheekes,0.0
444,cheere,0.0
445,cherubin,0.0
446,chestnut,0.0
447,chicken,0.0
448,chid,0.0
449,chiefe,0.0
450,child,0.0
451,childe,0.0
452,childhood,0.0
453,childrens,0.0
454,chimney,0.0
455,choake,0.0
456,chop,0.0
457,choppie,0.0
458,choughes,0.0
459,christendome,0.0
460,chuck,0.0
461,church,0.0
462,cine,0.0
463,cines,0.0
464,clamor,0.0
465,clamorous,0.0
466,clatter,0.0
467,clayme,0.0
468,cleane,0.0
469,cleanse,0.0
470,cleare,0.0
471,clearenesse,0.0
472,cleares,0.0
473,cleaue,0.0
474,cleere,0.0
475,climbe,0.0
476,cling,0.0
477,clipt,0.0
478,clock,0.0
479,clogges,0.0
480,clos,0.0
481,close,0.0
482,closset,0.0
483,cloud,0.0
484,clowd,0.0
485,clowdy,0.0
486,cloyster,0.0
487,clutch,0.0
488,cock,0.0
489,coigne,0.0
490,cold,0.0
491,colmekill,0.0
492,colmes,0.0
493,colour,0.0
494,com,0.0
495,combin,0.0
496,combustion,0.0
497,come,0.0
498,comfort,0.0
499,comforted,0.0
500,command,0.0
501,commanded,0.0
502,commencing,0.0
503,commend,0.0
504,commendation,0.0
505,commends,0.0
506,comming,0.0
507,commission,0.0
508,committed,0.0
509,common,0.0
510,companie,0.0
511,companion,0.0
512,company,0.0
513,compar,0.0
514,comparison,0.0
515,compast,0.0
516,compell,0.0
517,composd,0.0
518,compose,0.0
519,composition,0.0
520,compt,0.0
521,compunctious,0.0
522,conceiue,0.0
523,concerne,0.0
524,conclude,0.0
525,concluded,0.0
526,conclusion,0.0
527,concord,0.0
528,condemne,0.0
529,conduct,0.0
530,conference,0.0
531,confess,0.0
532,confessing,0.0
533,confident,0.0
534,confin,0.0
535,confinelesse,0.0
536,confirm,0.0
537,confirme,0.0
538,conflict,0.0
539,confound,0.0
540,confounds,0.0
541,confronted,0.0
542,confus,0.0
543,confusion,0.0
544,coniure,0.0
545,consent,0.0
546,consequence,0.0
547,consider,0.0
548,consort,0.0
549,conspirers,0.0
550,constancie,0.0
551,constrained,0.0
552,construction,0.0
553,contend,0.0
554,contending,0.0
555,content,0.0
556,contented,0.0
557,continent,0.0
558,continually,0.0
559,continue,0.0
560,continued,0.0
561,contradict,0.0
562,contriuer,0.0
563,conuert,0.0
564,conuey,0.0
565,conuince,0.0
566,conuinces,0.0
567,cool,0.0
568,coole,0.0
569,cooz,0.0
570,coppie,0.0
571,corne,0.0
572,corner,0.0
573,corporall,0.0
574,cosin,0.0
575,cosine,0.0
576,cosins,0.0
577,coueted,0.0
578,could,0.0
579,councell,0.0
580,counsail,0.0
581,counsailers,0.0
582,countenance,0.0
583,counterfeit,0.0
584,countrey,0.0
585,countreyes,0.0
586,country,0.0
587,countryman,0.0
588,courage,0.0
589,course,0.0
590,courst,0.0
591,court,0.0
592,cousin,0.0
593,cow,0.0
594,coward,0.0
595,cozen,0.0
596,cozens,0.0
597,crack,0.0
598,cracke,0.0
599,cradle,0.0
600,craue,0.0
601,craues,0.0
602,crauing,0.0
603,craz,0.0
604,cream,0.0
605,create,0.0
606,creation,0.0
607,credulous,0.0
608,creepes,0.0
609,crest,0.0
610,crew,0.0
611,crib,0.0
612,cricket,0.0
613,crime,0.0
614,croakes,0.0
615,crost,0.0
616,crow,0.0
617,crown,0.0
618,crowne,0.0
619,crowned,0.0
620,crownes,0.0
621,cruell,0.0
622,crueltie,0.0
623,cruelty,0.0
624,cry,0.0
625,cryes,0.0
626,cumberland,0.0
627,curbing,0.0
628,cure,0.0
629,curres,0.0
630,curriors,0.0
631,curse,0.0
632,cursed,0.0
633,curtain,0.0
634,custome,0.0
635,cut,0.0
636,cyme,0.0
637,dagger,0.0
638,daintie,0.0
639,dame,0.0
640,damme,0.0
641,damn,0.0
642,damnation,0.0
643,damne,0.0
644,damned,0.0
645,dance,0.0
646,danger,0.0
647,dangerous,0.0
648,dare,0.0
649,darefull,0.0
650,darke,0.0
651,darknesse,0.0
652,dasht,0.0
653,daughter,0.0
654,dauntlesse,0.0
655,day,0.0
656,dayes,0.0
657,de,0.0
658,dead,0.0
659,deadly,0.0
660,deadmans,0.0
661,deafe,0.0
662,deaftly,0.0
663,deale,0.0
664,deare,0.0
665,dearest,0.0
666,death,0.0
667,debt,0.0
668,deceitfull,0.0
669,deceiue,0.0
670,decision,0.0
671,dedicate,0.0
672,deed,0.0
673,deedes,0.0
674,deepe,0.0
675,deepely,0.0
676,deeper,0.0
677,deepest,0.0
678,deere,0.0
679,deerest,0.0
680,defect,0.0
681,defence,0.0
682,degree,0.0
683,deigne,0.0
684,delicate,0.0
685,delight,0.0
686,delinquent,0.0
687,deliuer,0.0
688,deliuers,0.0
689,demand,0.0
690,demerit,0.0
691,demy,0.0
692,denies,0.0
693,deny,0.0
694,depart,0.0
695,desart,0.0
696,descend,0.0
697,descended,0.0
698,descends,0.0
699,desert,0.0
700,deseru,0.0
701,deseruers,0.0
702,deserues,0.0
703,designe,0.0
704,desir,0.0
705,desire,0.0
706,desolate,0.0
707,destinie,0.0
708,destroy,0.0
709,destroying,0.0
710,destruction,0.0
711,detraction,0.0
712,deuill,0.0
713,deuils,0.0
714,deuotion,0.0
715,deuoure,0.0
716,dew,0.0
717,diamond,0.0
718,didst,0.0
719,die,0.0
720,digestion,0.0
721,digg,0.0
722,dignity,0.0
723,diminitiue,0.0
724,dire,0.0
725,direction,0.0
726,directly,0.0
727,direfull,0.0
728,direnesse,0.0
729,direst,0.0
730,dis,0.0
731,disaster,0.0
732,disbursed,0.0
733,discerne,0.0
734,discharge,0.0
735,discomfort,0.0
736,discouery,0.0
737,disdayning,0.0
738,diseas,0.0
739,disease,0.0
740,disgrace,0.0
741,disguising,0.0
742,dish,0.0
743,dishonor,0.0
744,disloyall,0.0
745,dismall,0.0
746,dismay,0.0
747,dismisse,0.0
748,disorder,0.0
749,dispaire,0.0
750,dispatch,0.0
751,dispise,0.0
752,displac,0.0
753,disposition,0.0
754,dispute,0.0
755,distance,0.0
756,distemper,0.0
757,distill,0.0
758,distinguishes,0.0
759,distracted,0.0
760,distress,0.0
761,ditch,0.0
762,diuell,0.0
763,diuellish,0.0
764,diuers,0.0
765,diuine,0.0
766,diuision,0.0
767,doct,0.0
768,doctor,0.0
769,doe,0.0
770,doffe,0.0
771,dog,0.0
772,dogge,0.0
773,dogges,0.0
774,dollar,0.0
775,dolour,0.0
776,domestique,0.0
777,donal,0.0
778,donalbaine,0.0
779,donalbane,0.0
780,done,0.0
781,doo,0.0
782,doome,0.0
783,doomes,0.0
784,doore,0.0
785,doores,0.0
786,dost,0.0
787,doth,0.0
788,double,0.0
789,doubly,0.0
790,doubt,0.0
791,doubtfull,0.0
792,downe,0.0
793,downey,0.0
794,downfall,0.0
795,drab,0.0
796,dragon,0.0
797,draw,0.0
798,drawne,0.0
799,dread,0.0
800,dreadfull,0.0
801,dreames,0.0
802,dreamt,0.0
803,drenched,0.0
804,dresse,0.0
805,drest,0.0
806,dreyne,0.0
807,drie,0.0
808,drinke,0.0
809,droope,0.0
810,drop,0.0
811,drowne,0.0
812,drowse,0.0
813,drowsie,0.0
814,drugg,0.0
815,drugge,0.0
816,drum,0.0
817,drumme,0.0
818,drunk,0.0
819,drunke,0.0
820,dst,0.0
821,dudgeon,0.0
822,due,0.0
823,duff,0.0
824,dull,0.0
825,duncan,0.0
826,duncane,0.0
827,dunnest,0.0
828,dunsinane,0.0
829,dunsmane,0.0
830,durst,0.0
831,dusty,0.0
832,duty,0.0
833,dwarfish,0.0
834,dwell,0.0
835,dwindle,0.0
836,dy,0.0
837,dye,0.0
838,dyed,0.0
839,dying,0.0
840,dyre,0.0
841,eagle,0.0
842,ear,0.0
843,eare,0.0
844,eares,0.0
845,earles,0.0
846,earnest,0.0
847,earth,0.0
848,earthly,0.0
849,easie,0.0
850,easier,0.0
851,east,0.0
852,eate,0.0
853,eaten,0.0
854,eccho,0.0
855,ecclipse,0.0
856,edge,0.0
857,edward,0.0
858,effect,0.0
859,egge,0.0
860,eight,0.0
861,eighth,0.0
862,either,0.0
863,eldest,0.0
864,else,0.0
865,elues,0.0
866,em,0.0
867,embrace,0.0
868,eminence,0.0
869,empty,0.0
870,emptying,0.0
871,encounter,0.0
872,end,0.0
873,endure,0.0
874,enemie,0.0
875,enfold,0.0
876,england,0.0
877,english,0.0
878,enkindle,0.0
879,enough,0.0
880,enow,0.0
881,enrage,0.0
882,enrages,0.0
883,enter,0.0
884,enterprize,0.0
885,entrailes,0.0
886,entrance,0.0
887,entreat,0.0
888,entry,0.0
889,envernes,0.0
890,epicure,0.0
891,equiuocate,0.0
892,equiuocates,0.0
893,equiuocation,0.0
894,equiuocator,0.0
895,ere,0.0
896,ermites,0.0
897,erre,0.0
898,especially,0.0
899,establish,0.0
900,estate,0.0
901,esteem,0.0
902,esteeme,0.0
903,eternall,0.0
904,eterne,0.0
905,euen,0.0
906,euent,0.0
907,euents,0.0
908,euer,0.0
909,euerlasting,0.0
910,euery,0.0
911,euill,0.0
912,euils,0.0
913,exasperate,0.0
914,except,0.0
915,excite,0.0
916,execution,0.0
917,exeunt,0.0
918,exil,0.0
919,exit,0.0
920,expectation,0.0
921,expedition,0.0
922,expence,0.0
923,expire,0.0
924,exploit,0.0
925,exposure,0.0
926,extasie,0.0
927,extend,0.0
928,eye,0.0
929,eyld,0.0
930,eyther,0.0
931,fac,0.0
932,face,0.0
933,fact,0.0
934,faculty,0.0
935,faile,0.0
936,faine,0.0
937,faint,0.0
938,faire,0.0
939,fairer,0.0
940,fairest,0.0
941,fairy,0.0
942,faith,0.0
943,faithfull,0.0
944,fall,0.0
945,falles,0.0
946,falne,0.0
947,false,0.0
948,familiar,0.0
949,famine,0.0
950,fancy,0.0
951,fanne,0.0
952,fantasticall,0.0
953,far,0.0
954,fare,0.0
955,farewell,0.0
956,farmer,0.0
957,farre,0.0
958,farrow,0.0
959,farther,0.0
960,farwell,0.0
961,fast,0.0
962,fatall,0.0
963,fate,0.0
964,father,0.0
965,faulcon,0.0
966,fauor,0.0
967,fauors,0.0
968,fauour,0.0
969,fayl,0.0
970,fayle,0.0
971,fear,0.0
972,feare,0.0
973,fearefull,0.0
974,feares,0.0
975,feast,0.0
976,feat,0.0
977,fed,0.0
978,fee,0.0
979,feed,0.0
980,feede,0.0
981,feele,0.0
982,feeling,0.0
983,fell,0.0
984,fellow,0.0
985,fellowes,0.0
986,felt,0.0
987,fenny,0.0
988,feuer,0.0
989,feuorous,0.0
990,fie,0.0
991,field,0.0
992,fiend,0.0
993,fife,0.0
994,fiffe,0.0
995,fight,0.0
996,fighting,0.0
997,fil,0.0
998,file,0.0
999,fill,0.0
1000,fillet,0.0
1001,filling,0.0
1002,filthie,0.0
1003,filthy,0.0
1004,finde,0.0
1005,findes,0.0
1006,finding,0.0
1007,finger,0.0
1008,finis,0.0
1009,fire,0.0
1010,firme,0.0
1011,first,0.0
1012,firstlings,0.0
1013,fit,0.0
1014,fitfull,0.0
1015,fitnesse,0.0
1016,fix,0.0
1017,flame,0.0
1018,flattering,0.0
1019,flawes,0.0
1020,fleance,0.0
1021,fleans,0.0
1022,fled,0.0
1023,flesh,0.0
1024,flight,0.0
1025,flighty,0.0
1026,floate,0.0
1027,flong,0.0
1028,flourish,0.0
1029,flower,0.0
1030,flowne,0.0
1031,flowt,0.0
1032,fly,0.0
1033,flye,0.0
1034,flyes,0.0
1035,flying,0.0
1036,foe,0.0
1037,fogge,0.0
1038,foggy,0.0
1039,fold,0.0
1040,folde,0.0
1041,followes,0.0
1042,folly,0.0
1043,fool,0.0
1044,foole,0.0
1045,fooles,0.0
1046,foolish,0.0
1047,foorth,0.0
1048,foot,0.0
1049,forbid,0.0
1050,forc,0.0
1051,force,0.0
1052,forge,0.0
1053,forget,0.0
1054,forgiue,0.0
1055,forgot,0.0
1056,forgotten,0.0
1057,forke,0.0
1058,forme,0.0
1059,former,0.0
1060,forraine,0.0
1061,forrest,0.0
1062,forsworne,0.0
1063,forth,0.0
1064,fortifies,0.0
1065,fortitude,0.0
1066,fortune,0.0
1067,fought,0.0
1068,foule,0.0
1069,found,0.0
1070,foundation,0.0
1071,founded,0.0
1072,fountaine,0.0
1073,fourth,0.0
1074,fowly,0.0
1075,foysons,0.0
1076,frailty,0.0
1077,frame,0.0
1078,franchis,0.0
1079,frankly,0.0
1080,fraught,0.0
1081,free,0.0
1082,freely,0.0
1083,french,0.0
1084,fresh,0.0
1085,fret,0.0
1086,friend,0.0
1087,frieze,0.0
1088,fright,0.0
1089,frogge,0.0
1090,front,0.0
1091,fruitlesse,0.0
1092,fry,0.0
1093,full,0.0
1094,fulnesse,0.0
1095,fume,0.0
1096,function,0.0
1097,furbusht,0.0
1098,furie,0.0
1099,furious,0.0
1100,fury,0.0
1101,future,0.0
1102,fye,0.0
1103,gaines,0.0
1104,gainst,0.0
1105,gall,0.0
1106,gallopping,0.0
1107,gallowgrosses,0.0
1108,gap,0.0
1109,garment,0.0
1110,gash,0.0
1111,gate,0.0
1112,gaue,0.0
1113,gayne,0.0
1114,gaze,0.0
1115,generall,0.0
1116,genius,0.0
1117,gent,0.0
1118,gentle,0.0
1119,gentleman,0.0
1120,gentlewoman,0.0
1121,gently,0.0
1122,gentry,0.0
1123,germaine,0.0
1124,get,0.0
1125,ghost,0.0
1126,giant,0.0
1127,gibbet,0.0
1128,gift,0.0
1129,gin,0.0
1130,ginne,0.0
1131,girle,0.0
1132,giue,0.0
1133,giuen,0.0
1134,giues,0.0
1135,giuing,0.0
1136,gladly,0.0
1137,glamis,0.0
1138,glamys,0.0
1139,glare,0.0
1140,glasse,0.0
1141,glimmer,0.0
1142,glory,0.0
1143,glosse,0.0
1144,go,0.0
1145,goary,0.0
1146,goate,0.0
1147,god,0.0
1148,goe,0.0
1149,going,0.0
1150,gold,0.0
1151,golden,0.0
1152,golgotha,0.0
1153,gon,0.0
1154,gone,0.0
1155,good,0.0
1156,goodly,0.0
1157,goodnesse,0.0
1158,goodnight,0.0
1159,goose,0.0
1160,gore,0.0
1161,gorgon,0.0
1162,gospell,0.0
1163,got,0.0
1164,gouern,0.0
1165,gouerne,0.0
1166,gout,0.0
1167,gown,0.0
1168,gowne,0.0
1169,grac,0.0
1170,grace,0.0
1171,gracious,0.0
1172,grafted,0.0
1173,graine,0.0
1174,grandam,0.0
1175,grant,0.0
1176,grapple,0.0
1177,graspe,0.0
1178,graue,0.0
1179,graues,0.0
1180,graunt,0.0
1181,gray,0.0
1182,great,0.0
1183,greater,0.0
1184,greatest,0.0
1185,greatnesse,0.0
1186,greaze,0.0
1187,greefe,0.0
1188,greene,0.0
1189,greet,0.0
1190,greetes,0.0
1191,greeting,0.0
1192,greeue,0.0
1193,grewell,0.0
1194,greyhound,0.0
1195,griefe,0.0
1196,griefes,0.0
1197,grim,0.0
1198,gripe,0.0
1199,groanes,0.0
1200,groomes,0.0
1201,groue,0.0
1202,ground,0.0
1203,grow,0.0
1204,growes,0.0
1205,growing,0.0
1206,growne,0.0
1207,guardian,0.0
1208,guesse,0.0
1209,guest,0.0
1210,guide,0.0
1211,guift,0.0
1212,guild,0.0
1213,guilt,0.0
1214,guise,0.0
1215,gulfe,0.0
1216,gummes,0.0
1217,ha,0.0
1218,hackt,0.0
1219,hadst,0.0
1220,hag,0.0
1221,hagges,0.0
1222,hah,0.0
1223,hail,0.0
1224,haile,0.0
1225,haire,0.0
1226,haires,0.0
1227,halfe,0.0
1228,hall,0.0
1229,hand,0.0
1230,handed,0.0
1231,handle,0.0
1232,hang,0.0
1233,hanging,0.0
1234,hangman,0.0
1235,happily,0.0
1236,happinesse,0.0
1237,happy,0.0
1238,happyer,0.0
1239,harbinger,0.0
1240,hard,0.0
1241,hardie,0.0
1242,hardly,0.0
1243,hare,0.0
1244,harme,0.0
1245,harmes,0.0
1246,harnesse,0.0
1247,harp,0.0
1248,harpier,0.0
1249,harrold,0.0
1250,hart,0.0
1251,haruest,0.0
1252,hast,0.0
1253,haste,0.0
1254,hat,0.0
1255,hatch,0.0
1256,hate,0.0
1257,hatefull,0.0
1258,hath,0.0
1259,haue,0.0
1260,hauing,0.0
1261,haunt,0.0
1262,haunting,0.0
1263,hawkt,0.0
1264,hay,0.0
1265,hayl,0.0
1266,hayle,0.0
1267,head,0.0
1268,healing,0.0
1269,health,0.0
1270,heap,0.0
1271,hear,0.0
1272,heard,0.0
1273,heare,0.0
1274,hearer,0.0
1275,hearing,0.0
1276,heark,0.0
1277,hearke,0.0
1278,heart,0.0
1279,hearted,0.0
1280,heartens,0.0
1281,hearty,0.0
1282,heat,0.0
1283,heath,0.0
1284,heauen,0.0
1285,heauenly,0.0
1286,heauens,0.0
1287,heauie,0.0
1288,heauiest,0.0
1289,heauily,0.0
1290,hec,0.0
1291,hecat,0.0
1292,heccats,0.0
1293,hedge,0.0
1294,hee,0.0
1295,heeles,0.0
1296,heere,0.0
1297,heereafter,0.0
1298,heire,0.0
1299,held,0.0
1300,hell,0.0
1301,helpe,0.0
1302,hemlocke,0.0
1303,hence,0.0
1304,henceforth,0.0
1305,herbenger,0.0
1306,hereafter,0.0
1307,herein,0.0
1308,hew,0.0
1309,hid,0.0
1310,hidden,0.0
1311,hide,0.0
1312,hideous,0.0
1313,high,0.0
1314,highly,0.0
1315,highnesse,0.0
1316,hill,0.0
1317,himselfe,0.0
1318,hircan,0.0
1319,hisse,0.0
1320,hit,0.0
1321,hither,0.0
1322,hoa,0.0
1323,hoarse,0.0
1324,hoast,0.0
1325,hoboyes,0.0
1326,hold,0.0
1327,hole,0.0
1328,holily,0.0
1329,holp,0.0
1330,holy,0.0
1331,homage,0.0
1332,home,0.0
1333,homely,0.0
1334,homeward,0.0
1335,honest,0.0
1336,honor,0.0
1337,honour,0.0
1338,hoodwinke,0.0
1339,hope,0.0
1340,horrible,0.0
1341,horrid,0.0
1342,horror,0.0
1343,hors,0.0
1344,horse,0.0
1345,hose,0.0
1346,host,0.0
1347,hostesse,0.0
1348,hoter,0.0
1349,houer,0.0
1350,hound,0.0
1351,houre,0.0
1352,houres,0.0
1353,house,0.0
1354,howl,0.0
1355,howle,0.0
1356,howlets,0.0
1357,hum,0.0
1358,humane,0.0
1359,humble,0.0
1360,humbly,0.0
1361,humh,0.0
1362,hunger,0.0
1363,hunter,0.0
1364,hurley,0.0
1365,hurt,0.0
1366,husband,0.0
1367,husbandry,0.0
1368,hush,0.0
1369,hye,0.0
1370,hyr,0.0
1371,ideot,0.0
1372,iealousies,0.0
1373,iew,0.0
1374,iewell,0.0
1375,iewels,0.0
1376,ignorant,0.0
1377,il,0.0
1378,ile,0.0
1379,ill,0.0
1380,illnesse,0.0
1381,illusion,0.0
1382,image,0.0
1383,imaginings,0.0
1384,impediment,0.0
1385,impeides,0.0
1386,imperfect,0.0
1387,imperiall,0.0
1388,implor,0.0
1389,impostor,0.0
1390,impresse,0.0
1391,incarnardine,0.0
1392,incens,0.0
1393,inchanting,0.0
1394,inclinde,0.0
1395,indeed,0.0
1396,indeede,0.0
1397,indissoluble,0.0
1398,indure,0.0
1399,industrious,0.0
1400,infected,0.0
1401,infirme,0.0
1402,infirmity,0.0
1403,inform,0.0
1404,informes,0.0
1405,ingratitude,0.0
1406,ingredience,0.0
1407,inhabit,0.0
1408,inhabitant,0.0
1409,initiate,0.0
1410,inne,0.0
1411,innocent,0.0
1412,insane,0.0
1413,instant,0.0
1414,instruction,0.0
1415,instrument,0.0
1416,integrity,0.0
1417,intelligence,0.0
1418,intemperance,0.0
1419,intent,0.0
1420,interdiction,0.0
1421,interest,0.0
1422,interim,0.0
1423,intermission,0.0
1424,interpret,0.0
1425,interprete,0.0
1426,intombe,0.0
1427,intrenchant,0.0
1428,inuenter,0.0
1429,inuention,0.0
1430,inuest,0.0
1431,inuested,0.0
1432,inuisible,0.0
1433,inuite,0.0
1434,inuites,0.0
1435,iocund,0.0
1436,iouiall,0.0
1437,iourney,0.0
1438,ioy,0.0
1439,ioyes,0.0
1440,ioyfull,0.0
1441,ioyne,0.0
1442,ioynt,0.0
1443,ioyntly,0.0
1444,ireland,0.0
1445,isle,0.0
1446,issue,0.0
1447,iudgement,0.0
1448,iudicious,0.0
1449,iugling,0.0
1450,iumpe,0.0
1451,iust,0.0
1452,iustice,0.0
1453,iutty,0.0
1454,kalender,0.0
1455,keene,0.0
1456,keepe,0.0
1457,keeper,0.0
1458,keepes,0.0
1459,kernes,0.0
1460,key,0.0
1461,kil,0.0
1462,kill,0.0
1463,killing,0.0
1464,kind,0.0
1465,kinde,0.0
1466,kindly,0.0
1467,kindnesse,0.0
1468,king,0.0
1469,kingdome,0.0
1470,kingdomes,0.0
1471,kinsman,0.0
1472,kisse,0.0
1473,kite,0.0
1474,knee,0.0
1475,knell,0.0
1476,knife,0.0
1477,knit,0.0
1478,kniues,0.0
1479,knock,0.0
1480,knocke,0.0
1481,knockes,0.0
1482,knocking,0.0
1483,knoll,0.0
1484,knot,0.0
1485,know,0.0
1486,knowes,0.0
1487,knowing,0.0
1488,knowledge,0.0
1489,known,0.0
1490,knowne,0.0
1491,kytes,0.0
1492,l,0.0
1493,la,0.0
1494,labor,0.0
1495,labour,0.0
1496,lac,0.0
1497,lacke,0.0
1498,lad,0.0
1499,lady,0.0
1500,laide,0.0
1501,lambe,0.0
1502,lamentings,0.0
1503,lampe,0.0
1504,land,0.0
1505,lappe,0.0
1506,lapt,0.0
1507,large,0.0
1508,largesse,0.0
1509,last,0.0
1510,latch,0.0
1511,late,0.0
1512,lated,0.0
1513,later,0.0
1514,laudable,0.0
1515,laue,0.0
1516,laugh,0.0
1517,lauish,0.0
1518,lay,0.0
1519,layes,0.0
1520,laying,0.0
1521,ld,0.0
1522,le,0.0
1523,lead,0.0
1524,leade,0.0
1525,leafe,0.0
1526,leape,0.0
1527,leapes,0.0
1528,learn,0.0
1529,learne,0.0
1530,lease,0.0
1531,least,0.0
1532,leaue,0.0
1533,leaues,0.0
1534,leauing,0.0
1535,leauy,0.0
1536,lecherie,0.0
1537,led,0.0
1538,lee,0.0
1539,left,0.0
1540,legge,0.0
1541,legges,0.0
1542,legion,0.0
1543,len,0.0
1544,length,0.0
1545,lenox,0.0
1546,lent,0.0
1547,lesse,0.0
1548,lesser,0.0
1549,let,0.0
1550,letter,0.0
1551,letting,0.0
1552,leuie,0.0
1553,leysure,0.0
1554,liar,0.0
1555,lid,0.0
1556,lie,0.0
1557,liege,0.0
1558,life,0.0
1559,light,0.0
1560,lighted,0.0
1561,lightning,0.0
1562,like,0.0
1563,lilly,0.0
1564,lime,0.0
1565,limitted,0.0
1566,line,0.0
1567,linnen,0.0
1568,lip,0.0
1569,listen,0.0
1570,listning,0.0
1571,little,0.0
1572,liu,0.0
1573,liue,0.0
1574,liuer,0.0
1575,liues,0.0
1576,liuing,0.0
1577,lizard,0.0
1578,lo,0.0
1579,loades,0.0
1580,locke,0.0
1581,lodg,0.0
1582,loe,0.0
1583,long,0.0
1584,longer,0.0
1585,look,0.0
1586,looke,0.0
1587,lookes,0.0
1588,loone,0.0
1589,loose,0.0
1590,loosest,0.0
1591,lord,0.0
1592,lose,0.0
1593,lost,0.0
1594,lou,0.0
1595,loue,0.0
1596,loued,0.0
1597,loues,0.0
1598,low,0.0
1599,lowd,0.0
1600,lowlinesse,0.0
1601,loyall,0.0
1602,loyaltie,0.0
1603,lt,0.0
1604,lust,0.0
1605,luxurious,0.0
1606,ly,0.0
1607,lyar,0.0
1608,lyars,0.0
1609,lye,0.0
1610,lyest,0.0
1611,lymbeck,0.0
1612,lyne,0.0
1613,lyon,0.0
1614,lyst,0.0
1615,mac,0.0
1616,macb,0.0
1617,macbeth,0.2858418136430724
1618,macd,0.0
1619,macdonwald,0.0
1620,macduff,0.0
1621,macduffe,0.0
1622,macduffes,0.0
1623,mad,0.0
1624,madam,0.0
1625,madame,0.0
1626,made,0.0
1627,madnesse,0.0
1628,maggot,0.0
1629,magicke,0.0
1630,maides,0.0
1631,maiestie,0.0
1632,maiesty,0.0
1633,maine,0.0
1634,make,0.0
1635,making,0.0
1636,mal,0.0
1637,malady,0.0
1638,malc,0.0
1639,malcolm,0.0
1640,malcolme,0.0
1641,malcolmes,0.0
1642,malcome,0.0
1643,male,0.0
1644,maleuolence,0.0
1645,malicious,0.0
1646,malkin,0.0
1647,mallice,0.0
1648,man,0.0
1649,manhood,0.0
1650,mankinde,0.0
1651,manly,0.0
1652,manner,0.0
1653,mansion,0.0
1654,mansonry,0.0
1655,many,0.0
1656,marble,0.0
1657,march,0.0
1658,marching,0.0
1659,mark,0.0
1660,marke,0.0
1661,market,0.0
1662,marre,0.0
1663,marres,0.0
1664,marrowlesse,0.0
1665,marry,0.0
1666,marshall,0.0
1667,maruell,0.0
1668,masking,0.0
1669,master,0.0
1670,masterdome,0.0
1671,mated,0.0
1672,materiall,0.0
1673,matron,0.0
1674,matter,0.0
1675,maw,0.0
1676,mawes,0.0
1677,may,0.0
1678,me,0.0
1679,meale,0.0
1680,meane,0.0
1681,meanes,0.0
1682,meant,0.0
1683,measur,0.0
1684,measure,0.0
1685,measurelesse,0.0
1686,meate,0.0
1687,med,0.0
1688,mee,0.0
1689,meeke,0.0
1690,meere,0.0
1691,meet,0.0
1692,meete,0.0
1693,meeting,0.0
1694,melted,0.0
1695,memorie,0.0
1696,memorize,0.0
1697,memory,0.0
1698,men,0.0
1699,mend,0.0
1700,ment,0.0
1701,menteth,0.0
1702,mercie,0.0
1703,mercifull,0.0
1704,mercilesse,0.0
1705,mercy,0.0
1706,mess,0.0
1707,message,0.0
1708,messenger,0.0
1709,met,0.0
1710,metaphysicall,0.0
1711,metled,0.0
1712,mettle,0.0
1713,mew,0.0
1714,mid,0.0
1715,midnight,0.0
1716,might,0.0
1717,mile,0.0
1718,milke,0.0
1719,milkes,0.0
1720,mind,0.0
1721,minde,0.0
1722,mindes,0.0
1723,mine,0.0
1724,mingle,0.0
1725,minion,0.0
1726,minister,0.0
1727,minute,0.0
1728,minutely,0.0
1729,mirth,0.0
1730,mischance,0.0
1731,mischiefe,0.0
1732,miserable,0.0
1733,misse,0.0
1734,missing,0.0
1735,missiues,0.0
1736,mistresse,0.0
1737,mistris,0.0
1738,mistrust,0.0
1739,mock,0.0
1740,moderne,0.0
1741,modest,0.0
1742,moe,0.0
1743,moment,0.0
1744,momentary,0.0
1745,monkie,0.0
1746,monster,0.0
1747,monstrous,0.0
1748,monument,0.0
1749,moone,0.0
1750,moones,0.0
1751,morne,0.0
1752,morning,0.0
1753,morrow,0.0
1754,mortal,0.0
1755,mortalitie,0.0
1756,mortall,0.0
1757,mortified,0.0
1758,mother,0.0
1759,motion,0.0
1760,motiues,0.0
1761,moue,0.0
1762,mouing,0.0
1763,mould,0.0
1764,mouncht,0.0
1765,mouth,0.0
1766,mouthes,0.0
1767,mowsing,0.0
1768,much,0.0
1769,multiplying,0.0
1770,multitudinous,0.0
1771,mummey,0.0
1772,mungrels,0.0
1773,mur,0.0
1774,murderer,0.0
1775,murky,0.0
1776,murth,0.0
1777,murther,0.0
1778,murtherer,0.0
1779,murtherers,0.0
1780,murtherous,0.0
1781,murthers,0.0
1782,muse,0.0
1783,musicke,0.0
1784,must,0.0
1785,myraculous,0.0
1786,n,0.0
1787,naked,0.0
1788,nam,0.0
1789,name,0.0
1790,napkin,0.0
1791,natio,0.0
1792,naturall,0.0
1793,nature,0.0
1794,naue,0.0
1795,naught,0.0
1796,nauigation,0.0
1797,nay,0.0
1798,ne,0.0
1799,nearest,0.0
1800,neckes,0.0
1801,need,0.0
1802,needed,0.0
1803,needes,0.0
1804,neer,0.0
1805,neere,0.0
1806,neerely,0.0
1807,neerer,0.0
1808,neerest,0.0
1809,neither,0.0
1810,neptune,0.0
1811,nerues,0.0
1812,nest,0.0
1813,net,0.0
1814,neu,0.0
1815,neuer,0.0
1816,neutrall,0.0
1817,new,0.0
1818,newer,0.0
1819,newes,0.0
1820,newest,0.0
1821,newly,0.0
1822,newt,0.0
1823,next,0.0
1824,neyther,0.0
1825,nice,0.0
1826,nie,0.0
1827,niggard,0.0
1828,night,0.0
1829,nightly,0.0
1830,nimbly,0.0
1831,nine,0.0
1832,nipple,0.0
1833,noble,0.0
1834,noblenesse,0.0
1835,nobly,0.0
1836,nod,0.0
1837,noise,0.0
1838,non,0.0
1839,none,0.0
1840,noone,0.0
1841,northumberland,0.0
1842,norway,0.0
1843,norwayes,0.0
1844,norweyan,0.0
1845,nose,0.0
1846,note,0.0
1847,nothing,0.0
1848,notion,0.0
1849,nought,0.0
1850,nourisher,0.0
1851,noyse,0.0
1852,number,0.0
1853,obedience,0.0
1854,obliuious,0.0
1855,obscure,0.0
1856,obseru,0.0
1857,obserue,0.0
1858,occasion,0.0
1859,ocean,0.0
1860,oddes,0.0
1861,offend,0.0
1862,offended,0.0
1863,offer,0.0
1864,office,0.0
1865,officer,0.0
1866,offrings,0.0
1867,often,0.0
1868,oftentimes,0.0
1869,oftner,0.0
1870,oh,0.0
1871,old,0.0
1872,olde,0.0
1873,olden,0.0
1874,older,0.0
1875,omnes,0.0
1876,one,0.0
1877,onely,0.0
1878,ope,0.0
1879,open,0.0
1880,opinion,0.0
1881,oppos,0.0
1882,oppose,0.0
1883,oppressed,0.0
1884,oracle,0.0
1885,order,0.0
1886,ore,0.0
1887,ornament,0.0
1888,orphan,0.0
1889,others,0.0
1890,ouer,0.0
1891,ouercome,0.0
1892,ouertake,0.0
1893,ouerthrowne,0.0
1894,outward,0.0
1895,outwardly,0.0
1896,ow,0.0
1897,owe,0.0
1898,owle,0.0
1899,owne,0.0
1900,pace,0.0
1901,padock,0.0
1902,paid,0.0
1903,paine,0.0
1904,painted,0.0
1905,painting,0.0
1906,pale,0.0
1907,pall,0.0
1908,pallace,0.0
1909,pallaces,0.0
1910,palpable,0.0
1911,palter,0.0
1912,paper,0.0
1913,paralell,0.0
1914,pardon,0.0
1915,pareill,0.0
1916,parley,0.0
1917,parricide,0.0
1918,part,0.0
1919,parted,0.0
1920,particular,0.0
1921,partner,0.0
1922,passage,0.0
1923,passion,0.0
1924,past,0.0
1925,patch,0.0
1926,patience,0.0
1927,patient,0.0
1928,pawser,0.0
1929,pay,0.0
1930,paye,0.0
1931,payment,0.0
1932,peace,0.0
1933,peake,0.0
1934,peale,0.0
1935,pearle,0.0
1936,peece,0.0
1937,peepe,0.0
1938,peerelesse,0.0
1939,peeres,0.0
1940,pendant,0.0
1941,pent,0.0
1942,people,0.0
1943,perceiue,0.0
1944,perchance,0.0
1945,perfect,0.0
1946,perform,0.0
1947,performance,0.0
1948,performe,0.0
1949,perfume,0.0
1950,perillous,0.0
1951,pernicious,0.0
1952,pernitious,0.0
1953,perseuerance,0.0
1954,person,0.0
1955,personall,0.0
1956,perswades,0.0
1957,pertaines,0.0
1958,perturbation,0.0
1959,pester,0.0
1960,petty,0.0
1961,physicke,0.0
1962,physicks,0.0
1963,physitian,0.0
1964,picture,0.0
1965,piece,0.0
1966,pigge,0.0
1967,pillowes,0.0
1968,pilot,0.0
1969,pine,0.0
1970,pious,0.0
1971,pit,0.0
1972,pitfall,0.0
1973,pittied,0.0
1974,pittifull,0.0
1975,pitty,0.0
1976,plac,0.0
1977,place,0.0
1978,plague,0.0
1979,plant,0.0
1980,planted,0.0
1981,play,0.0
1982,playd,0.0
1983,player,0.0
1984,plea,0.0
1985,pleade,0.0
1986,pleasant,0.0
1987,please,0.0
1988,pleasure,0.0
1989,pledge,0.0
1990,plenteous,0.0
1991,plentie,0.0
1992,plenty,0.0
1993,plight,0.0
1994,pluck,0.0
1995,plucke,0.0
1996,pluckes,0.0
1997,pluckt,0.0
1998,point,0.0
1999,pole,0.0
2000,poore,0.0
2001,poorely,0.0
2002,port,0.0
2003,portable,0.0
2004,porter,0.0
2005,possesse,0.0
2006,posset,0.0
2007,post,0.0
2008,poster,0.0
2009,posterity,0.0
2010,pot,0.0
2011,potent,0.0
2012,poure,0.0
2013,power,0.0
2014,powr,0.0
2015,powre,0.0
2016,powrefull,0.0
2017,powres,0.0
2018,poyson,0.0
2019,poysond,0.0
2020,practise,0.0
2021,prate,0.0
2022,pratler,0.0
2023,pray,0.0
2024,prayer,0.0
2025,prayses,0.0
2026,precious,0.0
2027,predecessor,0.0
2028,prediction,0.0
2029,predominance,0.0
2030,predominant,0.0
2031,prepar,0.0
2032,preparation,0.0
2033,prepares,0.0
2034,presence,0.0
2035,present,0.0
2036,presently,0.0
2037,preserue,0.0
2038,pretence,0.0
2039,pretend,0.0
2040,pretty,0.0
2041,prey,0.0
2042,pricke,0.0
2043,pricking,0.0
2044,pride,0.0
2045,prima,0.0
2046,primrose,0.0
2047,primus,0.0
2048,prince,0.0
2049,prisoner,0.0
2050,pristine,0.0
2051,probation,0.0
2052,proceed,0.0
2053,proceeding,0.0
2054,procreant,0.0
2055,producing,0.0
2056,professe,0.0
2057,professes,0.0
2058,profession,0.0
2059,profit,0.0
2060,profound,0.0
2061,prologue,0.0
2062,promis,0.0
2063,promise,0.0
2064,pronounc,0.0
2065,pronounce,0.0
2066,proofe,0.0
2067,proper,0.0
2068,prophecying,0.0
2069,prophesie,0.0
2070,prophet,0.0
2071,prophetique,0.0
2072,proportion,0.0
2073,prospect,0.0
2074,prosperous,0.0
2075,protest,0.0
2076,prou,0.0
2077,proud,0.0
2078,proue,0.0
2079,prouide,0.0
2080,prouided,0.0
2081,prouoke,0.0
2082,prouoker,0.0
2083,prouokes,0.0
2084,prowesse,0.0
2085,prythee,0.0
2086,pull,0.0
2087,pure,0.0
2088,purg,0.0
2089,purgatiue,0.0
2090,purge,0.0
2091,purpose,0.0
2092,purueyor,0.0
2093,push,0.0
2094,put,0.0
2095,pyes,0.0
2096,pyramid,0.0
2097,quarrel,0.0
2098,quarrell,0.0
2099,quarry,0.0
2100,quarta,0.0
2101,quarter,0.0
2102,quartus,0.0
2103,queene,0.0
2104,quell,0.0
2105,quench,0.0
2106,question,0.0
2107,quickely,0.0
2108,quickly,0.0
2109,quiet,0.0
2110,quinta,0.0
2111,quintus,0.0
2112,quit,0.0
2113,quite,0.0
2114,quoth,0.0
2115,r,0.0
2116,rabble,0.0
2117,race,0.0
2118,rage,0.0
2119,raine,0.0
2120,raise,0.0
2121,ran,0.0
2122,rance,0.0
2123,rancour,0.0
2124,ranke,0.0
2125,rankes,0.0
2126,rapt,0.0
2127,rarer,0.0
2128,rat,0.0
2129,rate,0.0
2130,rather,0.0
2131,ratifie,0.0
2132,rauel,0.0
2133,rauen,0.0
2134,rauin,0.0
2135,rauishing,0.0
2136,rawnesse,0.0
2137,rayne,0.0
2138,raze,0.0
2139,read,0.0
2140,reade,0.0
2141,reades,0.0
2142,readinesse,0.0
2143,ready,0.0
2144,reason,0.0
2145,rebel,0.0
2146,rebell,0.0
2147,rebellious,0.0
2148,rebells,0.0
2149,rebuk,0.0
2150,receit,0.0
2151,receiu,0.0
2152,receiue,0.0
2153,receyu,0.0
2154,receyue,0.0
2155,recklesse,0.0
2156,reckon,0.0
2157,recommends,0.0
2158,recompence,0.0
2159,reconcil,0.0
2160,reconcile,0.0
2161,recorded,0.0
2162,recoyle,0.0
2163,red,0.0
2164,redoubled,0.0
2165,redresse,0.0
2166,reeking,0.0
2167,referr,0.0
2168,reflection,0.0
2169,refraine,0.0
2170,regard,0.0
2171,registred,0.0
2172,reigne,0.0
2173,reignes,0.0
2174,reioycing,0.0
2175,relate,0.0
2176,relation,0.0
2177,rellish,0.0
2178,remaine,0.0
2179,remaines,0.0
2180,remedie,0.0
2181,remember,0.0
2182,remembrance,0.0
2183,remembrancer,0.0
2184,remorse,0.0
2185,remoue,0.0
2186,rendred,0.0
2187,renowne,0.0
2188,rent,0.0
2189,repeat,0.0
2190,repent,0.0
2191,repentance,0.0
2192,repetition,0.0
2193,report,0.0
2194,reported,0.0
2195,repose,0.0
2196,request,0.0
2197,require,0.0
2198,requited,0.0
2199,resembled,0.0
2200,reseru,0.0
2201,resolu,0.0
2202,resolue,0.0
2203,resolute,0.0
2204,resolution,0.0
2205,resounds,0.0
2206,respect,0.0
2207,rest,0.0
2208,restlesse,0.0
2209,restraine,0.0
2210,retreat,0.0
2211,return,0.0
2212,returne,0.0
2213,returnes,0.0
2214,returning,0.0
2215,retyre,0.0
2216,reuenge,0.0
2217,reuenges,0.0
2218,reuolt,0.0
2219,reuolts,0.0
2220,rhinoceros,0.0
2221,ribbes,0.0
2222,rich,0.0
2223,rid,0.0
2224,riddle,0.0
2225,ride,0.0
2226,right,0.0
2227,rightly,0.0
2228,ring,0.0
2229,ripe,0.0
2230,ript,0.0
2231,rise,0.0
2232,ro,0.0
2233,robe,0.0
2234,rocke,0.0
2235,roman,0.0
2236,ronyon,0.0
2237,roof,0.0
2238,rookes,0.0
2239,rookie,0.0
2240,root,0.0
2241,roote,0.0
2242,rooted,0.0
2243,rore,0.0
2244,ross,0.0
2245,rosse,0.0
2246,rost,0.0
2247,rough,0.0
2248,roughest,0.0
2249,round,0.0
2250,rous,0.0
2251,rowse,0.0
2252,rowze,0.0
2253,royall,0.0
2254,royaltie,0.0
2255,royalty,0.0
2256,rt,0.0
2257,rub,0.0
2258,rubarb,0.0
2259,rubbes,0.0
2260,rubie,0.0
2261,rue,0.0
2262,rug,0.0
2263,rugged,0.0
2264,ruines,0.0
2265,rule,0.0
2266,rumor,0.0
2267,rumour,0.0
2268,rumpe,0.0
2269,run,0.0
2270,rung,0.0
2271,runnes,0.0
2272,rush,0.0
2273,russian,0.0
2274,ry,0.0
2275,sacred,0.0
2276,sacrilegious,0.0
2277,sad,0.0
2278,safe,0.0
2279,safely,0.0
2280,safer,0.0
2281,safest,0.0
2282,safetie,0.0
2283,safety,0.0
2284,sagge,0.0
2285,said,0.0
2286,saide,0.0
2287,saint,0.0
2288,sainted,0.0
2289,sake,0.0
2290,salt,0.0
2291,salutation,0.0
2292,saluted,0.0
2293,sanctity,0.0
2294,satisfie,0.0
2295,satisfied,0.0
2296,sauage,0.0
2297,sauagely,0.0
2298,saue,0.0
2299,saw,0.0
2300,sawce,0.0
2301,sawcy,0.0
2302,say,0.0
2303,saying,0.0
2304,sayle,0.0
2305,saylors,0.0
2306,scaena,0.0
2307,scale,0.0
2308,scand,0.0
2309,scap,0.0
2310,scape,0.0
2311,scarcely,0.0
2312,scarse,0.0
2313,scarsely,0.0
2314,scena,0.0
2315,scepter,0.0
2316,sceptred,0.0
2317,schoole,0.0
2318,schreame,0.0
2319,schreemes,0.0
2320,scoena,0.0
2321,scone,0.0
2322,scorch,0.0
2323,score,0.0
2324,scorne,0.0
2325,scorpion,0.0
2326,scotland,0.0
2327,scowre,0.0
2328,screw,0.0
2329,scruple,0.0
2330,sea,0.0
2331,seale,0.0
2332,seare,0.0
2333,season,0.0
2334,seat,0.0
2335,seated,0.0
2336,seauenth,0.0
2337,second,0.0
2338,secret,0.0
2339,secunda,0.0
2340,secundus,0.0
2341,security,0.0
2342,see,0.0
2343,seedes,0.0
2344,seeke,0.0
2345,seeking,0.0
2346,seeling,0.0
2347,seem,0.0
2348,seeme,0.0
2349,seemes,0.0
2350,seemeth,0.0
2351,seeming,0.0
2352,seene,0.0
2353,seest,0.0
2354,seize,0.0
2355,self,0.0
2356,selfe,0.0
2357,sell,0.0
2358,selues,0.0
2359,sence,0.0
2360,sences,0.0
2361,send,0.0
2362,senit,0.0
2363,sens,0.0
2364,sense,0.0
2365,sensible,0.0
2366,sent,0.0
2367,seperated,0.0
2368,septima,0.0
2369,ser,0.0
2370,serieant,0.0
2371,serious,0.0
2372,serpent,0.0
2373,seru,0.0
2374,seruant,0.0
2375,seruants,0.0
2376,serue,0.0
2377,seruice,0.0
2378,set,0.0
2379,setting,0.0
2380,settled,0.0
2381,seu,0.0
2382,seuen,0.0
2383,seuerall,0.0
2384,sewer,0.0
2385,sexta,0.0
2386,sey,0.0
2387,seyt,0.0
2388,seyton,0.0
2389,seyw,0.0
2390,seyward,0.0
2391,seywards,0.0
2392,shade,0.0
2393,shadow,0.0
2394,shadowes,0.0
2395,shaft,0.0
2396,shagge,0.0
2397,shake,0.0
2398,shakespeare,0.4848793794799209
2399,shaking,0.0
2400,shall,0.0
2401,shalt,0.0
2402,shame,0.0
2403,shape,0.0
2404,shard,0.0
2405,share,0.0
2406,sharke,0.0
2407,sharpe,0.0
2408,sheath,0.0
2409,shed,0.0
2410,shee,0.0
2411,shew,0.0
2412,shewes,0.0
2413,shield,0.0
2414,shift,0.0
2415,shine,0.0
2416,ship,0.0
2417,shipwracking,0.0
2418,shooke,0.0
2419,short,0.0
2420,shot,0.0
2421,show,0.0
2422,showghes,0.0
2423,shriek,0.0
2424,shrieke,0.0
2425,shut,0.0
2426,sick,0.0
2427,sicke,0.0
2428,sicken,0.0
2429,sickly,0.0
2430,side,0.0
2431,siedge,0.0
2432,sigh,0.0
2433,sighes,0.0
2434,sight,0.0
2435,sightlesse,0.0
2436,signe,0.0
2437,signes,0.0
2438,signifying,0.0
2439,silenc,0.0
2440,silent,0.0
2441,siluer,0.0
2442,since,0.0
2443,sinells,0.0
2444,sinfull,0.0
2445,sing,0.0
2446,single,0.0
2447,sinkes,0.0
2448,sinne,0.0
2449,sir,0.0
2450,sirra,0.0
2451,sirrha,0.0
2452,sister,0.0
2453,sit,0.0
2454,sits,0.0
2455,skarfe,0.0
2456,skie,0.0
2457,skinne,0.0
2458,skinnie,0.0
2459,skipping,0.0
2460,skirre,0.0
2461,skreenes,0.0
2462,slab,0.0
2463,slaine,0.0
2464,slaue,0.0
2465,slaues,0.0
2466,slaughter,0.0
2467,slaughterous,0.0
2468,sleeke,0.0
2469,sleep,0.0
2470,sleepe,0.0
2471,sleeper,0.0
2472,sleepes,0.0
2473,sleepie,0.0
2474,sleeping,0.0
2475,sleeue,0.0
2476,slept,0.0
2477,slight,0.0
2478,slippes,0.0
2479,slipt,0.0
2480,sliuer,0.0
2481,slope,0.0
2482,slow,0.0
2483,slumbry,0.0
2484,smack,0.0
2485,smacking,0.0
2486,smeare,0.0
2487,smell,0.0
2488,smile,0.0
2489,smiling,0.0
2490,smoak,0.0
2491,smoake,0.0
2492,smother,0.0
2493,smyling,0.0
2494,snake,0.0
2495,snare,0.0
2496,snore,0.0
2497,snow,0.0
2498,societie,0.0
2499,society,0.0
2500,sodaine,0.0
2501,sold,0.0
2502,soldier,0.0
2503,soldiours,0.0
2504,sole,0.0
2505,solely,0.0
2506,solemne,0.0
2507,solicites,0.0
2508,solliciting,0.0
2509,something,0.0
2510,sometime,0.0
2511,son,0.0
2512,song,0.0
2513,sonne,0.0
2514,sonnes,0.0
2515,soone,0.0
2516,sooner,0.0
2517,sooth,0.0
2518,sore,0.0
2519,sorely,0.0
2520,soris,0.0
2521,sorowes,0.0
2522,sorrow,0.0
2523,sorry,0.0
2524,sorryest,0.0
2525,sort,0.0
2526,soueraigne,0.0
2527,soueraignty,0.0
2528,sought,0.0
2529,souldier,0.0
2530,souldiers,0.0
2531,souldiership,0.0
2532,soule,0.0
2533,soules,0.0
2534,sound,0.0
2535,sounded,0.0
2536,soundly,0.0
2537,source,0.0
2538,south,0.0
2539,sowes,0.0
2540,sowre,0.0
2541,space,0.0
2542,spacious,0.0
2543,spaniel,0.0
2544,sparrowes,0.0
2545,speak,0.0
2546,speake,0.0
2547,speaker,0.0
2548,speakes,0.0
2549,speaking,0.0
2550,speaks,0.0
2551,speciall,0.0
2552,speculation,0.0
2553,speculatiue,0.0
2554,speech,0.0
2555,speed,0.0
2556,spels,0.0
2557,spend,0.0
2558,spent,0.0
2559,spight,0.0
2560,spightfull,0.0
2561,spirit,0.0
2562,spoke,0.0
2563,spoken,0.0
2564,spot,0.0
2565,spoyles,0.0
2566,sprights,0.0
2567,spring,0.0
2568,spungie,0.0
2569,spurne,0.0
2570,spurre,0.0
2571,spurres,0.0
2572,spy,0.0
2573,st,0.0
2574,stab,0.0
2575,stablenesse,0.0
2576,staffe,0.0
2577,stage,0.0
2578,stake,0.0
2579,stall,0.0
2580,stampe,0.0
2581,stanchlesse,0.0
2582,stand,0.0
2583,star,0.0
2584,starres,0.0
2585,start,0.0
2586,starting,0.0
2587,state,0.0
2588,station,0.0
2589,statute,0.0
2590,staues,0.0
2591,stay,0.0
2592,stayes,0.0
2593,steales,0.0
2594,stealing,0.0
2595,stealthy,0.0
2596,steed,0.0
2597,steele,0.0
2598,steep,0.0
2599,step,0.0
2600,stept,0.0
2601,stern,0.0
2602,sticke,0.0
2603,stickes,0.0
2604,sticking,0.0
2605,still,0.0
2606,sting,0.0
2607,stirre,0.0
2608,stirring,0.0
2609,stole,0.0
2610,stolne,0.0
2611,stone,0.0
2612,stood,0.0
2613,stoole,0.0
2614,stooles,0.0
2615,stop,0.0
2616,stopt,0.0
2617,store,0.0
2618,stormes,0.0
2619,story,0.0
2620,stout,0.0
2621,straight,0.0
2622,strange,0.0
2623,strangely,0.0
2624,stranger,0.0
2625,strangled,0.0
2626,strangles,0.0
2627,streakes,0.0
2628,streames,0.0
2629,strength,0.0
2630,stretch,0.0
2631,striding,0.0
2632,strike,0.0
2633,stroake,0.0
2634,stroakes,0.0
2635,strong,0.0
2636,strongly,0.0
2637,strooke,0.0
2638,struck,0.0
2639,strut,0.0
2640,stuck,0.0
2641,studied,0.0
2642,stuffe,0.0
2643,stufft,0.0
2644,subborned,0.0
2645,subiect,0.0
2646,substance,0.0
2647,subtle,0.0
2648,succeede,0.0
2649,succeeding,0.0
2650,successe,0.0
2651,sucke,0.0
2652,suffer,0.0
2653,suffering,0.0
2654,suggestion,0.0
2655,summer,0.0
2656,summons,0.0
2657,sun,0.0
2658,sundry,0.0
2659,sunne,0.0
2660,supernaturall,0.0
2661,supper,0.0
2662,supply,0.0
2663,supplyes,0.0
2664,supt,0.0
2665,surcease,0.0
2666,sure,0.0
2667,surfeted,0.0
2668,surgeon,0.0
2669,surgery,0.0
2670,surmise,0.0
2671,surpriz,0.0
2672,surprize,0.0
2673,surueying,0.0
2674,suspition,0.0
2675,sutes,0.0
2676,swallow,0.0
2677,swarme,0.0
2678,sway,0.0
2679,swear,0.0
2680,sweare,0.0
2681,swearer,0.0
2682,sweares,0.0
2683,sweat,0.0
2684,sweaten,0.0
2685,sweepe,0.0
2686,sweet,0.0
2687,sweeten,0.0
2688,sweeter,0.0
2689,sweetly,0.0
2690,swell,0.0
2691,swelling,0.0
2692,sweltred,0.0
2693,sweno,0.0
2694,swift,0.0
2695,swiftest,0.0
2696,swimmer,0.0
2697,swine,0.0
2698,swinish,0.0
2699,swolne,0.0
2700,swoope,0.0
2701,sword,0.0
2702,sworne,0.0
2703,syllable,0.0
2704,syue,0.0
2705,syw,0.0
2706,table,0.0
2707,taint,0.0
2708,take,0.0
2709,taking,0.0
2710,tale,0.0
2711,talk,0.0
2712,talke,0.0
2713,taper,0.0
2714,tarquin,0.0
2715,tarrying,0.0
2716,tartar,0.0
2717,taste,0.0
2718,taught,0.0
2719,tayle,0.0
2720,taylor,0.0
2721,teach,0.0
2722,teare,0.0
2723,teares,0.0
2724,tearmes,0.0
2725,tedious,0.0
2726,teemes,0.0
2727,teeth,0.0
2728,tell,0.0
2729,tels,0.0
2730,temp,0.0
2731,temper,0.0
2732,tempest,0.0
2733,temple,0.0
2734,ten,0.0
2735,tend,0.0
2736,tender,0.0
2737,tending,0.0
2738,terrible,0.0
2739,tertia,0.0
2740,tertius,0.0
2741,th,0.0
2742,thane,0.0
2743,thanke,0.0
2744,thankes,0.0
2745,thanks,0.0
2746,theame,0.0
2747,thee,0.0
2748,theefe,0.0
2749,theft,0.0
2750,themselues,0.0
2751,thence,0.0
2752,thereby,0.0
2753,therefore,0.0
2754,therein,0.0
2755,thereto,0.0
2756,therewithall,0.0
2757,thick,0.0
2758,thicke,0.0
2759,thickens,0.0
2760,thine,0.0
2761,thing,0.0
2762,think,0.0
2763,thinke,0.0
2764,thinkes,0.0
2765,third,0.0
2766,thirst,0.0
2767,thirty,0.0
2768,thither,0.0
2769,thoght,0.0
2770,thou,0.0
2771,though,0.0
2772,thought,0.0
2773,thould,0.0
2774,thousand,0.0
2775,thralles,0.0
2776,threat,0.0
2777,threatens,0.0
2778,three,0.0
2779,threescore,0.0
2780,thrice,0.0
2781,thriftlesse,0.0
2782,throat,0.0
2783,throb,0.0
2784,throne,0.0
2785,throw,0.0
2786,thrust,0.0
2787,thumbe,0.0
2788,thumbes,0.0
2789,thunder,0.0
2790,thus,0.0
2791,thy,0.0
2792,ti,0.0
2793,tidings,0.0
2794,tied,0.0
2795,tiger,0.0
2796,till,0.0
2797,time,0.0
2798,timely,0.0
2799,title,0.0
2800,toad,0.0
2801,toe,0.0
2802,together,0.0
2803,toile,0.0
2804,told,0.0
2805,tongu,0.0
2806,tongue,0.0
2807,tooke,0.0
2808,tooth,0.0
2809,top,0.0
2810,topple,0.0
2811,torch,0.0
2812,torture,0.0
2813,tost,0.0
2814,toth,0.0
2815,touch,0.0
2816,toward,0.0
2817,towards,0.0
2818,towring,0.0
2819,toyes,0.0
2820,toyle,0.0
2821,trace,0.0
2822,trade,0.0
2823,trafficke,0.0
2824,tragedie,0.4614871825292008
2825,traines,0.0
2826,traitor,0.0
2827,trammell,0.0
2828,transport,0.0
2829,transported,0.0
2830,transpose,0.0
2831,trauailing,0.0
2832,traueller,0.0
2833,traytor,0.0
2834,treacherous,0.0
2835,treachery,0.0
2836,treade,0.0
2837,treason,0.0
2838,treasonous,0.0
2839,treasure,0.0
2840,treatise,0.0
2841,trebble,0.0
2842,trecherie,0.0
2843,tree,0.0
2844,tremble,0.0
2845,trembling,0.0
2846,trenched,0.0
2847,trifle,0.0
2848,trifled,0.0
2849,troopes,0.0
2850,trouble,0.0
2851,troubled,0.0
2852,true,0.0
2853,truest,0.0
2854,truly,0.0
2855,trumpet,0.0
2856,trust,0.0
2857,trusted,0.0
2858,truth,0.0
2859,try,0.0
2860,tuesday,0.0
2861,tugg,0.0
2862,tumble,0.0
2863,tune,0.0
2864,turke,0.0
2865,turn,0.0
2866,turne,0.0
2867,turnes,0.0
2868,turning,0.0
2869,twaine,0.0
2870,twas,0.0
2871,twelue,0.0
2872,twenty,0.0
2873,twer,0.0
2874,twere,0.0
2875,twice,0.0
2876,twixt,0.0
2877,two,0.0
2878,twould,0.0
2879,tydings,0.0
2880,tye,0.0
2881,tyranny,0.0
2882,tyrant,0.0
2883,tyrrany,0.0
2884,v,0.0
2885,valiant,0.0
2886,valour,0.0
2887,valued,0.0
2888,vanish,0.0
2889,vanquish,0.0
2890,vantage,0.0
2891,vap,0.0
2892,vault,0.0
2893,vaulting,0.0
2894,venom,0.0
2895,venture,0.0
2896,verity,0.0
2897,vertue,0.0
2898,vertues,0.0
2899,vertuous,0.0
2900,vessel,0.0
2901,vessell,0.0
2902,vice,0.0
2903,victorie,0.0
2904,viewing,0.0
2905,vile,0.0
2906,villaine,0.0
2907,villanies,0.0
2908,violent,0.0
2909,vision,0.0
2910,visited,0.0
2911,visiting,0.0
2912,vizards,0.0
2913,vlcerous,0.0
2914,vnaccompanied,0.0
2915,vnattended,0.0
2916,vnbattered,0.0
2917,vnbecomming,0.0
2918,vnbend,0.0
2919,vndaunted,0.0
2920,vndeeded,0.0
2921,vnder,0.0
2922,vnderstand,0.0
2923,vnderstood,0.0
2924,vndivulg,0.0
2925,vndon,0.0
2926,vndone,0.0
2927,vnfelt,0.0
2928,vnfixe,0.0
2929,vnfold,0.0
2930,vnfortunate,0.0
2931,vnguarded,0.0
2932,vnity,0.0
2933,vniuersall,0.0
2934,vniust,0.0
2935,vnkindnesse,0.0
2936,vnkle,0.0
2937,vnknowne,0.0
2938,vnlesse,0.0
2939,vnlineall,0.0
2940,vnlocke,0.0
2941,vnmake,0.0
2942,vnmann,0.0
2943,vnmannerly,0.0
2944,vnnaturall,0.0
2945,vnprepar,0.0
2946,vnprouokes,0.0
2947,vnreall,0.0
2948,vnruffe,0.0
2949,vnruly,0.0
2950,vnsafe,0.0
2951,vnsanctified,0.0
2952,vnseam,0.0
2953,vnsex,0.0
2954,vnshrinking,0.0
2955,vnspeake,0.0
2956,vnsure,0.0
2957,vntill,0.0
2958,vntimely,0.0
2959,vntitled,0.0
2960,vnto,0.0
2961,vntye,0.0
2962,vnusuall,0.0
2963,vnwelcom,0.0
2964,vnwip,0.0
2965,voice,0.0
2966,volume,0.0
2967,voluptuousnesse,0.0
2968,vouch,0.0
2969,voyce,0.0
2970,voyces,0.0
2971,vp,0.0
2972,vpbraid,0.0
2973,vplifted,0.0
2974,vpon,0.0
2975,vppon,0.0
2976,vprore,0.0
2977,vpward,0.0
2978,vrine,0.0
2979,vse,0.0
2980,vsing,0.0
2981,vsually,0.0
2982,vsurpers,0.0
2983,vtterance,0.0
2984,vulnerable,0.0
2985,vulture,0.0
2986,wade,0.0
2987,waile,0.0
2988,wait,0.0
2989,waite,0.0
2990,wake,0.0
2991,walk,0.0
2992,walke,0.0
2993,walking,0.0
2994,walkt,0.0
2995,wall,0.0
2996,want,0.0
2997,wanton,0.0
2998,warder,0.0
2999,warlike,0.0
3000,warrant,0.0
3001,warranted,0.0
3002,warre,0.0
3003,wash,0.0
3004,washing,0.0
3005,wassell,0.0
3006,wastfull,0.0
3007,watch,0.0
3008,watcher,0.0
3009,watchfull,0.0
3010,watching,0.0
3011,water,0.0
3012,waues,0.0
3013,way,0.0
3014,wayes,0.0
3015,wayle,0.0
3016,wayting,0.0
3017,wayward,0.0
3018,weake,0.0
3019,weale,0.0
3020,wealth,0.0
3021,weapon,0.0
3022,wear,0.0
3023,weare,0.0
3024,weares,0.0
3025,wearie,0.0
3026,weary,0.0
3027,wee,0.0
3028,weed,0.0
3029,weepe,0.0
3030,weepes,0.0
3031,weigh,0.0
3032,weighes,0.0
3033,weightie,0.0
3034,wel,0.0
3035,welcome,0.0
3036,well,0.0
3037,went,0.0
3038,wer,0.0
3039,west,0.0
3040,westerne,0.0
3041,weyard,0.0
3042,weyward,0.0
3043,whay,0.0
3044,whence,0.0
3045,whereby,0.0
3046,wherefore,0.0
3047,wherein,0.0
3048,whereon,0.0
3049,whereto,0.0
3050,wherewith,0.0
3051,whether,0.0
3052,whetstone,0.0
3053,while,0.0
3054,whilest,0.0
3055,whin,0.0
3056,whisp,0.0
3057,whisper,0.0
3058,white,0.0
3059,whither,0.0
3060,whole,0.0
3061,wholsome,0.0
3062,whore,0.0
3063,whose,0.0
3064,wicked,0.0
3065,widdowes,0.0
3066,wife,0.0
3067,wil,0.0
3068,wilde,0.0
3069,william,0.4848793794799209
3070,willing,0.0
3071,wilt,0.0
3072,win,0.0
3073,winde,0.0
3074,windes,0.0
3075,wine,0.0
3076,wing,0.0
3077,winke,0.0
3078,winne,0.0
3079,winter,0.0
3080,wip,0.0
3081,wisdome,0.0
3082,wise,0.0
3083,wisedom,0.0
3084,wisedome,0.0
3085,wisely,0.0
3086,wish,0.0
3087,wishest,0.0
3088,wit,0.0
3089,witch,0.0
3090,witchcraft,0.0
3091,withall,0.0
3092,wither,0.0
3093,within,0.0
3094,without,0.0
3095,witnesse,0.0
3096,witnest,0.0
3097,wiues,0.0
3098,woe,0.0
3099,wofull,0.0
3100,wolfe,0.0
3101,wolues,0.0
3102,woman,0.0
3103,womanly,0.0
3104,womb,0.0
3105,wonder,0.0
3106,wonne,0.0
3107,wood,0.0
3108,wooingly,0.0
3109,wooll,0.0
3110,word,0.0
3111,worke,0.0
3112,world,0.0
3113,worme,0.0
3114,wormes,0.0
3115,worne,0.0
3116,worse,0.0
3117,worst,0.0
3118,worth,0.0
3119,worthie,0.0
3120,worthy,0.0
3121,worthyest,0.0
3122,would,0.0
3123,wound,0.0
3124,wracke,0.0
3125,wrackt,0.0
3126,wrapt,0.0
3127,wrath,0.0
3128,wrathfull,0.0
3129,wren,0.0
3130,wrencht,0.0
3131,wretched,0.0
3132,writ,0.0
3133,write,0.0
3134,writes,0.0
3135,written,0.0
3136,wrong,0.0
3137,wrongly,0.0
3138,wrought,0.0
3139,yawning,0.0
3140,ye,0.0
3141,yeeld,0.0
3142,yell,0.0
3143,yellow,0.0
3144,yes,0.0
3145,yesterday,0.0
3146,yesterdayes,0.0
3147,yesty,0.0
3148,yet,0.0
3149,yew,0.0
3150,ynch,0.0
3151,yoake,0.0
3152,yong,0.0
3153,youl,0.0
3154,young,0.0
3155,youth,0.0
